Player,Salary,Pos,Age,Tm,G,MP,PER,TS%,TRB%,AST%,STL%,BLK%,TOV%,USG%,OWS,DWS,WS,BPM,VORP
Zhou Qi,"$815,615 ",C,22,HOU,16,87,0.6,0.303,11.7,1.5,1.1,6.8,18.2,19.5,-0.4,0.1,-0.2,-10.1,-0.2
Zaza Pachulia,"$3,477,600 ",C,33,GSW,66,937,16.8,0.608,18.5,15.4,1.9,1.3,19.3,17.2,1.7,1.4,3.1,0.8,0.7
Zach Randolph,"$12,307,692 ",PF,36,SAC,59,1508,17.3,0.529,15,14.9,1.4,0.6,12.5,27.6,0.3,1.1,1.4,-1.9,0
Zach LaVine,"$3,202,217 ",SG,22,CHI,24,656,14.6,0.499,7.7,18.6,1.8,0.5,9.7,29.5,-0.1,0.5,0.4,-2.6,-0.1
Zach Collins,"$3,057,240 ",C,20,POR,62,979,8.2,0.487,11.7,7.3,0.8,2.5,15.6,15.5,-0.4,1.2,0.8,-2.9,-0.2
Yogi Ferrell,"$1,312,611 ",SG,24,DAL,79,2238,11.5,0.543,6.1,13.3,1.4,0.3,9.1,17,1.6,1.6,3.1,-0.9,0.6
Xavier Silas,"$74,159 ",SG,30,BOS,2,7,-4.9,0,15.7,0,7.2,0,0,19.2,-0.1,0,0,-13.3,0
Xavier Rathan-Mayes,"$46,080 ",SG,23,MEM,5,118,0.9,0.315,2.5,23.2,2.6,2.4,19.3,21.7,-0.5,0.1,-0.4,-10.6,-0.3
Xavier Munford,$0 ,SG,25,MIL,6,21,-2.1,0.218,2.8,24.7,2.4,0,22.5,19.2,-0.1,0,-0.1,-13.8,-0.1
Wilson Chandler,"$12,016,854 ",SF,30,DEN,70,2200,11.1,0.543,9.5,9.7,0.9,1.4,12,14.6,2,1,3.1,-1,0.5
Willy Hernangomez,"$1,435,750 ",C,23,TOT,45,430,20.6,0.592,19.3,11,1.8,2.8,15.4,21.7,0.8,0.6,1.4,0.5,0.3
Willy Hernangomez,"$1,435,750 ",C,23,CHO,19,197,25,0.589,23.4,7.1,2,3,7.3,21,0.7,0.3,1.1,1.8,0.2
Willy Hernangomez,"$1,435,750 ",C,23,NYK,26,233,16.9,0.595,16,14.4,1.7,2.6,21.8,22.3,0.1,0.3,0.3,-0.6,0.1
Willie Reed,"$1,577,230 ",C,27,LAC,39,419,19.4,0.669,15.7,3.3,1,4.4,11.6,16.8,1,0.5,1.5,-0.7,0.1
Willie Reed,"$1,577,230 ",C,27,TOT,42,428,19.2,0.671,15.5,3.6,1,4.3,11.6,16.6,1,0.5,1.6,-0.8,0.1
Willie Reed,"$1,577,230 ",C,27,DET,3,9,8.7,1,6.1,15.9,0,0,0,4.9,0,0,0,-2.4,0
Willie Cauley-Stein,"$3,704,160 ",C,24,SAC,70,1943,17.1,0.523,14.1,13.5,1.9,3.1,11.3,21.6,1.3,2,3.3,0,1
Will Barton,"$3,533,333 ",SG,27,DEN,77,2530,15.9,0.557,8.6,18.5,1.6,1.6,11.8,20.5,3.9,1.7,5.6,0.8,1.8
Wesley Matthews,"$17,884,176 ",SF,31,DAL,63,2131,11.4,0.541,5.2,12.3,1.8,0.7,10.1,17.6,1,1.7,2.7,0.2,1.2
Wesley Johnson,"$5,881,260 ",SF,30,LAC,70,1422,9.8,0.512,8.1,5.3,2.5,3.6,12.6,13,-0.1,1.8,1.7,0.3,0.8
Wesley Iwundu,"$1,050,000 ",SF,23,ORL,58,902,7.6,0.464,7.9,7.9,1.7,1,11.6,11.8,-0.1,0.6,0.5,-3.6,-0.4
Wayne Selden,"$1,312,611 ",SG,23,MEM,35,692,11.8,0.551,4.7,16.1,1.3,0.7,15.5,22.7,0.1,0.2,0.4,-4,-0.3
Wayne Ellington,"$6,270,000 ",SG,30,MIA,74,1962,12.1,0.582,6.1,6,1.3,0.3,6.9,17.3,2.3,1.9,4.1,-0.1,0.9
Wade Baldwin,"$1,874,400 ",PG,21,POR,4,29,17,0.73,9.4,10.7,0,0,15.4,19.6,0.1,0,0.1,-3.1,0
Vince Hunter,"$50,000 ",PF,23,MEM,4,7,35.9,0.6,24.8,0,0,13.4,16.7,38.5,0,0,0,-9,0
Vince Carter,"$8,000,000 ",SF,41,SAC,55,971,10.6,0.519,8.1,9.3,2.1,2.5,10.7,14.7,0.2,0.8,1,-1.3,0.2
Victor Oladipo,"$21,000,000 ",SG,25,IND,72,2471,23.1,0.576,8.7,21,3.4,2,12.6,30.2,4.2,3.8,8,4.7,4.2
Vander Blue,"$50,000 ",SG,25,LAL,5,45,-1.8,0.255,1.2,8.1,1.1,0,33.8,8.4,-0.1,0,-0.1,-10.1,-0.1
Udonis Haslem,"$2,328,652 ",C,37,MIA,14,72,1.8,0.252,7.8,9.2,0,2.4,11.2,11.2,-0.1,0.1,-0.1,-7.5,-0.1
Tyus Jones,"$1,471,382 ",PG,21,MIN,78,1404,14.1,0.574,5.3,20.9,3.2,0.4,13.9,12.7,2.3,1.1,3.4,0.5,0.9
Tyson Chandler,"$13,000,000 ",C,35,PHO,46,1151,14.3,0.657,19.4,6.6,0.7,1.9,20.5,10.6,1.9,0.8,2.6,-0.4,0.5
Tyrone Wallace,$0 ,PG,23,LAC,26,732,10.6,0.519,7.1,11.5,1.6,1.5,13,16.4,0.3,0.6,0.8,-1.5,0.1
Tyreke Evans,"$3,290,000 ",PG,28,MEM,52,1607,21.2,0.561,9.5,31.5,1.8,1,11.5,28.5,3,1.2,4.3,3.7,2.3
Tyler Zeller,"$1,709,538 ",C,28,MIL,20,322,17,0.58,16.5,7.4,1.1,3.2,9.3,15.1,0.7,0.3,1,-0.5,0.1
Tyler Zeller,"$1,709,538 ",C,28,TOT,62,1025,15.9,0.585,15.2,6.8,0.7,2.5,11.3,17,1.7,0.8,2.5,-1.8,0
Tyler Zeller,"$1,709,538 ",C,28,BRK,42,703,15.4,0.587,14.6,6.5,0.6,2.2,12.1,17.9,1,0.5,1.5,-2.4,-0.1
Tyler Ulis,"$1,312,611 ",PG,22,PHO,68,1563,9.7,0.459,4.1,27.5,2,0.3,17.6,18.2,-0.8,0.5,-0.4,-5.4,-1.3
Tyler Lydon,"$1,579,440 ",PF,21,DEN,1,2,0,,0,0,0,0,,0,0,0,0,-6.5,0
Tyler Johnson,"$5,881,260 ",PG,25,MIA,69,1964,13,0.55,6.6,12.3,1.4,1.4,9.4,18.6,1.9,2.2,4,-0.4,0.8
Tyler Ennis,"$1,524,305 ",PG,23,LAL,50,584,10.4,0.459,7.3,21.9,1.9,1.4,13.4,16.3,0,0.6,0.6,-3.3,-0.2
Tyler Dorsey,"$815,615 ",SG,21,ATL,53,897,9.3,0.478,7.7,13.2,0.9,0.4,8.8,20,-0.2,0.4,0.1,-4.6,-0.6
Tyler Cavanaugh,"$679,919 ",PF,23,ATL,39,518,13,0.567,13.7,7.9,0.8,0.7,8,14.8,0.9,0.3,1.2,-1,0.1
Troy Williams,"$1,471,382 ",SF,23,TOT,21,307,15.2,0.544,11.4,7.8,3.2,1.1,13.5,20.1,0.2,0.4,0.5,0,0.2
Troy Williams,"$1,471,382 ",SF,23,NYK,17,290,16.2,0.572,11.3,7.7,3.2,1.2,13.9,19.5,0.3,0.3,0.6,0.9,0.2
Troy Williams,"$1,471,382 ",SF,23,HOU,4,17,-2.4,0.242,13.3,8.5,2.9,0,8.8,29.4,-0.1,0,-0.1,-14.3,-0.1
Troy Daniels,"$3,408,520 ",SG,26,PHO,78,1609,10,0.585,4.2,4.6,0.7,0.3,8.3,17.2,1.5,0,1.5,-2.8,-0.3
Tristan Thompson,"$16,400,000 ",C,26,CLE,49,1017,13.7,0.573,18.5,4.2,0.8,1.4,12.2,12.5,1.7,0.7,2.4,-2.3,-0.1
Trey McKinney-Jones,"$46,080 ",SG,27,IND,1,1,0,,0,0,0,0,,0,0,0,0,-5.9,0
Trey Lyles,"$2,441,400 ",PF,22,DEN,70,1366,18,0.589,14.2,10.1,1.1,2.1,9,21.2,2.6,1.2,3.8,-0.8,0.4
Trey Burke,"$784,160 ",PG,25,NYK,32,648,22.8,0.576,5.1,38.1,1.5,0.5,8.8,25.9,2,0.3,2.3,2,0.7
Trevor Booker,"$9,125,000 ",PF,30,TOT,64,1085,14.8,0.563,14.8,11,1.2,1.5,14.1,16.5,1.5,1.2,2.7,-0.5,0.4
Trevor Booker,"$9,125,000 ",PF,30,PHI,33,494,14.6,0.618,13.3,7.6,1.6,1.9,13.7,12.7,1,0.7,1.7,0.7,0.3
Trevor Booker,"$9,125,000 ",PF,30,BRK,18,395,15.5,0.536,16,16.3,1,0.9,15.1,21.8,0.3,0.3,0.6,-1.4,0.1
Trevor Booker,"$9,125,000 ",PF,30,IND,13,196,13.8,0.524,16.2,8.6,0.8,1.8,11.9,15.3,0.3,0.2,0.4,-1.5,0
Trevor Ariza,"$7,420,912 ",SF,32,HOU,64,2179,12.1,0.573,7.4,6.9,2.1,0.5,7,14.4,2.7,2.6,5.3,1.7,2
Treveon Graham,"$1,312,611 ",SG,24,CHO,63,1050,9,0.553,6.2,7.9,1.5,0.2,9.9,11.3,1,0.7,1.7,-1,0.3
Travis Wear,"$148,318 ",SF,27,LAL,13,172,9.8,0.562,9.3,3.3,0.8,1.9,6.2,15.9,0.1,0.2,0.3,-4,-0.1
Torrey Craig,$0 ,SF,27,DEN,35,586,10.3,0.549,11.6,5.3,0.8,1.6,11.4,12.4,0.6,0.3,0.9,-2.7,-0.1
Tony Snell,"$9,821,429 ",SG,26,MIL,71,1955,8.4,0.584,4,6.5,1.2,1.1,7.7,10.5,1.6,0.7,2.3,-1.7,0.2
Tony Parker,"$15,453,126 ",PG,35,SAS,52,1020,13.1,0.499,4.9,29,1.4,0.1,13.4,20.6,0.4,1.1,1.5,-3.8,-0.5
Tony Bradley,"$1,414,920 ",C,20,UTA,9,29,9.5,0.337,21.6,5,0,0,0,18.5,0,0,0,-9.7,-0.1
Tony Allen,"$2,116,955 ",SF,36,NOP,22,273,8.7,0.514,9.4,4.6,1.9,0.9,15.9,18.9,-0.2,0.2,0.1,-5.2,-0.2
Tomas Satoransky,"$3,000,000 ",SG,26,WAS,69,1535,15.4,0.618,7.8,25.1,1.6,0.8,16.4,13.7,3.5,1.2,4.7,1,1.2
Tobias Harris,"$16,000,000 ",PF,25,TOT,76,2546,17.4,0.569,8.9,11.6,1.3,1.1,7.2,23.2,4.3,2.5,6.7,1,1.9
Tobias Harris,"$16,000,000 ",PF,25,LAC,28,983,18.4,0.576,9.5,14.2,1.6,1.6,8.7,23.3,1.7,0.9,2.6,2.1,1
Tobias Harris,"$16,000,000 ",PF,25,DET,48,1563,16.7,0.564,8.6,10,1.1,0.8,6.2,23.2,2.6,1.5,4.1,0.2,0.9
Timothe Luwawu-Cabarrot,"$1,386,600 ",SF,22,PHI,52,807,7,0.511,4.8,9.4,0.7,0.5,11.5,17.5,0.1,0.7,0.8,-4.6,-0.5
Timofey Mozgov,"$15,280,000 ",C,31,BRK,28,339,10.2,0.589,13.6,3.6,0.7,2.4,24.4,16.2,-0.1,0.3,0.2,-5.4,-0.3
Tim Quarterman,$0 ,SG,23,HOU,2,6,13.6,0.5,18.8,26,0,0,0,14.7,0,0,0,-1.8,0
Tim Hardaway,"$16,500,000 ",SG,25,NYK,56,1856,14.4,0.531,6.6,12.5,1.6,0.5,9,23.8,1.5,1,2.5,-0.2,0.8
Tim Frazier,"$2,000,000 ",PG,27,WAS,56,807,11.2,0.477,7.7,31.4,2.6,0.8,23.7,12.7,0.4,0.9,1.3,-2.2,0
Thon Maker,"$2,684,160 ",C,20,MIL,71,1205,10.5,0.502,10.9,5.3,1.6,3.7,10.8,14.6,0.4,1.1,1.5,-2.4,-0.1
Thomas Bryant,"$815,615 ",C,20,LAL,11,34,7.7,0.473,9.4,7.8,0,0,7.9,15.8,0,0,0,-7.1,0
Thaddeus Young,"$14,796,348 ",PF,29,IND,78,2544,14.7,0.528,11.1,8.4,2.5,1.2,10.5,17.3,2.1,3.1,5.2,1.4,2.2
Thabo Sefolosha,"$5,250,000 ",SF,33,UTA,38,806,15.9,0.591,11.4,6.4,3.2,1.3,10.2,16.4,1,1.6,2.6,1.8,0.8
Terry Rozier,"$1,988,520 ",PG,23,BOS,77,1980,15.4,0.524,9.9,17,2,0.7,8,20.5,2.3,3.3,5.6,2,2
Terrence Ross,"$10,500,000 ",SG,26,ORL,22,576,10.3,0.515,6.7,8.9,2.3,1.2,11.5,16.6,-0.1,0.5,0.5,-1.7,0
Terrance Ferguson,"$1,785,000 ",SG,19,OKC,59,728,7,0.532,3.3,3.2,1.6,1.2,6.3,10.3,0.5,0.5,1.1,-2.8,-0.1
Taurean Waller-Prince,"$2,422,560 ",SF,23,ATL,79,2359,12.3,0.544,8.8,13.4,1.7,1.5,15.5,21.7,-0.3,1.9,1.6,-1.1,0.5
Tarik Black,"$3,290,000 ",C,26,HOU,48,474,14.9,0.589,17.1,3.8,2.1,4.7,18.7,15.9,0.6,0.9,1.4,-0.5,0.2
Taj Gibson,"$14,000,000 ",PF,32,MIN,78,2613,15.4,0.615,12.2,5.3,1.1,1.8,9.9,14.6,5.3,1.5,6.8,1.2,2.1
T.J. Warren,"$3,152,931 ",SF,24,PHO,65,2142,17.7,0.541,8.3,7.2,1.5,1.5,6.7,24.9,2.7,0.8,3.5,-1.9,0.1
T.J. McConnell,"$1,471,382 ",PG,25,PHI,72,1651,12.3,0.546,7.1,24.7,2.6,0.6,20.8,13.8,1.2,2.4,3.6,-0.7,0.5
T.J. Leaf,"$2,028,360 ",PF,20,IND,50,428,10.5,0.554,10.2,2.6,0.6,0.8,7.3,14.2,0.5,0.3,0.7,-4.7,-0.3
Steven Adams,"$22,471,910 ",C,24,OKC,73,2390,20.8,0.628,15.5,5.5,1.9,2.9,13.3,16.7,6.4,2.9,9.3,3.4,3.3
Sterling Brown,"$815,615 ",SG,22,MIL,51,728,9.5,0.513,10.9,4.6,2.1,1.3,10.6,14,0.1,0.7,0.8,-3.8,-0.3
Stephen Curry,"$34,682,550 ",PG,29,GSW,51,1631,28.2,0.675,8.9,30.2,2.4,0.4,13.3,31,7.2,1.9,9.2,8.6,4.4
Stanley Johnson,"$3,097,800 ",SF,21,DET,65,1773,9.1,0.483,7.4,8.2,2.6,0.6,11.3,16.4,-0.6,2.3,1.8,-1.4,0.3
Spencer Dinwiddie,"$1,524,305 ",PG,24,BRK,77,2217,16,0.526,6.1,35.1,1.4,0.8,11.6,20.3,4.2,1.3,5.5,0.4,1.3
Solomon Hill,"$12,236,535 ",SF,26,NOP,8,127,6.8,0.385,8.6,16.9,1.5,0.6,12.9,13.2,-0.1,0.1,0,-3.6,-0.1
Skal Labissiere,"$1,312,611 ",PF,21,SAC,60,1240,14.3,0.513,13.2,9.1,1,3.7,12.5,21.1,0.4,0.9,1.3,-2.7,-0.2
Sindarius Thornwell,"$815,615 ",SG,23,LAC,69,1059,8.1,0.517,6.7,7,2.1,1.8,15.5,11.6,0.1,0.9,1,-1.4,0.2
Shelvin Mack,"$6,000,000 ",PG,27,ORL,65,1283,13.7,0.526,6.8,29.3,1.9,0.5,16.4,17.5,1.1,1,2,-2.2,-0.1
Shaun Livingston,"$7,692,308 ",PG,32,GSW,68,1081,11.6,0.539,6.4,16.5,1.5,1.5,13.8,16.5,0.9,1,1.8,-3.3,-0.4
Shaquille Harrison,"$92,160 ",PG,24,PHO,20,291,15.2,0.534,9.4,18.1,3.5,1.9,12.7,18.3,0.2,0.3,0.6,0.2,0.2
Shane Larkin,"$1,524,305 ",PG,25,BOS,50,686,10.2,0.506,6.1,16.3,1.8,0.2,12.2,15.5,0.3,0.9,1.3,-2.4,-0.1
Shabazz Napier,"$2,361,360 ",PG,26,POR,70,1455,14.5,0.553,5.9,15.1,2.7,0.8,13.8,19.5,1.3,1.9,3.2,0.4,0.9
Shabazz Muhammad,"$1,577,230 ",SG,25,MIL,9,84,32.7,0.638,14.7,17.5,2.4,1,1.9,28.9,0.4,0.1,0.5,3.7,0.1
Shabazz Muhammad,"$1,577,230 ",SF,25,TOT,41,385,14.4,0.5,10,6.4,1.2,0.7,3.1,22.3,0.3,0.2,0.5,-5.8,-0.4
Shabazz Muhammad,"$1,577,230 ",SF,25,MIN,32,301,9.3,0.446,8.7,3.4,0.8,0.6,3.6,20.5,0,0.1,0,-8.4,-0.5
Serge Ibaka,"$20,061,729 ",PF,28,TOR,73,2010,14.5,0.569,12.9,4.4,0.7,3.7,9.6,19.4,1.9,2.8,4.8,-0.4,0.8
Semi Ojeleye,"$1,291,892 ",PF,23,BOS,69,1049,4,0.448,7.4,2.4,1,0.2,10.8,8.7,-0.3,1.2,0.9,-3.5,-0.4
Sean Kilpatrick,"$1,524,305 ",SG,28,CHI,5,111,13.3,0.501,6.3,10.3,0.9,1.6,7.2,27.4,0,0.1,0.1,-5.6,-0.1
Sean Kilpatrick,"$1,524,305 ",SG,28,LAC,4,38,10.5,0.503,2.9,12.1,0,0,5,22.6,0,0,0,-7.8,-0.1
Sean Kilpatrick,"$1,524,305 ",SG,28,MIL,23,205,11.3,0.515,7.2,10.9,1.2,0.4,9.1,22,0,0.1,0.1,-6.2,-0.2
Sean Kilpatrick,"$1,524,305 ",SG,28,BRK,16,183,5,0.414,10.1,12.6,0.5,0.4,14.4,26.3,-0.5,0.1,-0.4,-10.2,-0.4
Sean Kilpatrick,"$1,524,305 ",SG,28,TOT,48,537,9.5,0.475,7.7,11.5,0.8,0.6,10.3,24.6,-0.5,0.3,-0.2,-7.5,-0.7
Scotty Hopson,"$74,159 ",SG,28,DAL,1,8,-4.6,0.266,0,15.8,0,0,34.7,16.4,0,0,0,-20.7,0
Sam Dekker,"$1,794,600 ",PF,23,LAC,69,817,11.1,0.526,10.4,6,1.3,0.9,10.3,15.5,0.4,0.6,1.1,-3.3,-0.3
Salah Mejri,"$1,471,382 ",C,31,DAL,61,729,17.8,0.644,18.8,7.2,1.5,8.2,19,12.8,1.3,1.3,2.7,3.2,1
Ryan Arcidiacono,$0 ,PG,23,CHI,20,208,8.1,0.561,3.6,14.7,2.6,0,20.2,7.3,0.1,0.1,0.3,-3.5,-0.1
Ryan Anderson,"$19,578,455 ",PF,29,HOU,66,1725,12.6,0.592,10.8,5.1,0.7,1,7.5,14.4,3.1,1.6,4.7,0.2,1
Russell Westbrook,"$28,530,608 ",PG,29,OKC,77,2801,25,0.528,15,49.4,2.5,0.6,16.4,34.3,5.5,4.3,9.8,8.2,7.2
Rudy Gobert,"$21,974,719 ",C,25,UTA,52,1702,20.9,0.659,19,6.7,1.2,6.1,15.5,16.9,4,3.6,7.6,4.2,2.7
Rudy Gay,"$8,406,000 ",PF,31,SAS,54,1160,17.8,0.545,13.1,9.5,1.9,2.6,11.6,24.5,0.9,2,2.9,0.2,0.6
Royce O'Neale,"$815,615 ",SF,24,UTA,65,1052,10.4,0.521,11.5,12.3,1.7,1.2,15.1,14.8,0.3,1.7,1.9,-1.1,0.2
Rondae Hollis-Jefferson,"$1,471,382 ",SF,23,BRK,64,1811,17.3,0.55,12.7,14.2,1.6,1.7,11.5,22.6,2.3,1.8,4.1,-0.2,0.8
Ron Baker,"$4,328,000 ",SG,24,NYK,29,385,9.3,0.504,4.3,15.5,3.3,1.4,20.4,10,0.1,0.4,0.5,-1,0.1
Rodney Purvis,"$92,160 ",SG,23,ORL,12,203,4.1,0.427,4.1,7.1,0.7,1.2,9.6,18,-0.3,0.1,-0.3,-7.7,-0.3
Rodney McGruder,"$1,312,611 ",SG,26,MIA,15,258,12.4,0.623,5.9,6.9,1.6,0.7,5.7,12.3,0.4,0.3,0.7,-0.3,0.1
Rodney Hood,"$2,386,864 ",SG,25,UTA,39,1084,15.2,0.551,5.8,10.4,1.4,0.6,9.6,27.4,0.6,1.2,1.9,-1.7,0.1
Rodney Hood,"$2,386,864 ",SG,25,TOT,58,1576,14.4,0.545,5.8,9.7,1.4,0.6,8.1,24.6,1.1,1.4,2.5,-2.1,0
Rodney Hood,"$2,386,864 ",SG,25,CLE,19,492,12.6,0.53,5.6,8.2,1.3,0.9,3.4,18.7,0.5,0.2,0.7,-2.9,-0.1
Robin Lopez,"$13,788,500 ",C,29,CHI,64,1690,14.7,0.552,9.2,12.3,0.4,2.8,13.5,20.4,1.2,0.8,2,-1.9,0.1
Robert Covington,"$16,698,103 ",PF,27,PHI,76,2408,12.8,0.562,9.1,8.7,2.6,2.2,12.3,17.5,1.5,4.2,5.7,2.4,2.7
Ricky Rubio,"$14,275,000 ",PG,27,UTA,73,2185,15,0.533,8.8,28.3,2.6,0.4,18.3,22.8,1.2,3.5,4.7,1.3,1.8
Richaun Holmes,"$1,471,382 ",C,24,PHI,44,668,16.8,0.566,15.5,12.8,1.3,3.2,8.4,16.7,1.3,1.1,2.4,1.4,0.6
Richard Jefferson,"$2,500,000 ",SF,37,DEN,20,163,6.3,0.499,5.9,12,0.6,0.5,14.3,9.3,0.1,0,0.1,-5.9,-0.2
Reggie Jackson,"$16,000,000 ",PG,27,DET,41,1084,15.5,0.516,5.9,32.1,1.1,0.3,14.3,27.4,0.7,0.9,1.6,-1.6,0.1
Reggie Hearn,$0 ,SG,26,DET,2,3,44.3,1.5,0,0,0,0,0,14.7,0,0,0,13.9,0
Reggie Bullock,"$2,500,000 ",SF,26,DET,62,1732,13.6,0.615,4.9,8.4,1.4,0.7,7.6,15.7,2.8,1.5,4.3,0.7,1.2
Raymond Felton,"$2,328,652 ",PG,33,OKC,79,1324,13.2,0.492,6.4,22.9,1.8,1,11.5,20.4,0.9,1.3,2.2,-2.8,-0.3
Raul Neto,"$1,471,382 ",PG,25,UTA,39,478,12.3,0.554,5.6,23.2,1.2,0.7,16.5,18.3,0.4,0.5,0.9,-3.1,-0.1
Rashad Vaughn,"$1,889,040 ",SG,21,BRK,1,4,4.1,,0,31.8,0,0,,0,0,0,0,-16.1,0
Rashad Vaughn,"$1,889,040 ",SG,21,MIL,22,173,11.1,0.56,5.8,9.9,1.2,1.5,7.1,14.8,0.2,0.1,0.3,-3.3,-0.1
Rashad Vaughn,"$1,889,040 ",SG,21,TOT,28,212,9.3,0.546,5.8,8.7,1.2,1.2,9.3,13.8,0.1,0.1,0.2,-4.7,-0.1
Rashad Vaughn,"$1,889,040 ",SG,21,ORL,5,35,1.1,0.417,6.3,0,1.4,0,25,10,-0.1,0,-0.1,-10.3,-0.1
Ramon Sessions,"$2,328,652 ",PG,31,WAS,14,224,14.2,0.524,5.1,29.8,1.6,0.4,15.6,19,0.3,0.1,0.5,-3.7,-0.1
Ramon Sessions,"$2,328,652 ",PG,31,NYK,13,167,6.2,0.403,6,22,2.1,0.5,20.1,19.5,-0.3,0.1,-0.2,-7.2,-0.2
Ramon Sessions,"$2,328,652 ",PG,31,TOT,27,391,10.8,0.473,5.5,26.5,1.8,0.4,17.6,19.2,0,0.3,0.3,-5.2,-0.3
Rajon Rondo,"$3,300,000 ",PG,31,NOP,61,1591,14.9,0.519,8.4,41.6,1.8,0.5,22.6,16.8,1.7,1.5,3.2,-1.5,0.2
R.J. Hunter,$0 ,SG,24,HOU,4,15,-4.4,0,3.8,16.5,3.3,0,0,11.8,-0.1,0,0,-9.7,0
Quinn Cook,"$100,000 ",PG,24,GSW,29,597,13.4,0.6,6.2,16.7,0.9,0.1,10.8,17.7,1,0.4,1.4,-2,0
Quincy Pondexter,"$3,853,931 ",SF,29,CHI,23,196,4,0.398,7.4,6.3,2,0.9,16.3,15,-0.3,0.1,-0.2,-6.6,-0.2
Quincy Acy,"$1,709,538 ",PF,27,BRK,66,1270,7.5,0.51,10.1,5.9,1.1,1.6,14.1,14.3,-0.4,1,0.6,-2.8,-0.2
PJ Dozier,$0 ,PG,21,OKC,2,3,-5,0.5,18.5,0,0,0,33.3,42.9,0,0,0,-34,0
Paul Zipser,"$1,312,611 ",SF,23,CHI,54,824,5.2,0.444,8.5,8,1.2,1.6,14.9,15.2,-1.2,0.6,-0.6,-5.8,-0.8
Paul Millsap,"$31,269,231 ",PF,32,DEN,34,1008,18.2,0.564,12.3,14.6,1.9,3.3,12.9,22.4,1.5,1,2.5,1.4,0.9
Paul George,"$19,508,958 ",SF,27,OKC,76,2779,18.4,0.566,8.7,14.7,2.8,1.2,12.3,25.6,4.5,3.8,8.3,2.4,3.1
Pau Gasol,"$16,000,000 ",C,37,SAS,74,1753,19,0.54,19,20,0.6,3.7,13.3,20.7,2.6,3.2,5.8,3.1,2.3
Patty Mills,"$10,714,286 ",PG,29,SAS,79,2018,12.1,0.562,4.1,16.1,1.3,0.5,12.4,17.8,2.1,2.1,4.2,-0.2,0.9
Patrick Patterson,"$5,192,000 ",PF,28,OKC,79,1234,9.7,0.545,8.4,5.8,1.9,1.7,10.3,10.8,1,1.4,2.4,-1.5,0.2
Patrick McCaw,"$1,312,611 ",SG,22,GSW,57,961,7.4,0.477,4.8,10.6,2.2,0.8,14.6,12.8,-0.3,0.9,0.6,-3.3,-0.3
Patrick Beverley,"$5,513,514 ",SG,29,LAC,11,334,12.3,0.53,7.4,13.8,2.6,1.2,16.5,19.6,0.1,0.3,0.4,0.7,0.2
Pat Connaughton,"$1,471,382 ",SG,25,POR,78,1432,9.3,0.535,5.8,8.9,0.7,1.2,9.3,13.5,1.1,1.2,2.3,-1.5,0.2
Pascal Siakam,"$1,312,611 ",PF,23,TOR,77,1577,14.9,0.554,12.2,13.3,1.9,2,11,15.9,2.1,2.3,4.5,2.2,1.7
P.J. Tucker,"$7,590,035 ",SF,32,HOU,78,2170,8.4,0.537,11,4.6,1.8,0.9,13.3,10.3,1,2.8,3.8,0.2,1.2
Otto Porter,"$24,773,250 ",SF,24,WAS,74,2349,18.4,0.601,11.4,10,2.4,1.4,7.1,18.4,4.9,3,7.9,3.6,3.3
Omri Casspi,"$2,106,470 ",SF,29,GSW,53,740,15.5,0.632,15.1,9.5,1.2,2,13.5,16.3,1.2,1,2.2,-1.3,0.1
Omer Asik,"$10,595,505 ",C,31,NOP,14,121,4.5,0.423,16.6,2,0.4,1.3,19,9.4,-0.1,0.1,0,-8.2,-0.2
Okaro White,"$1,312,611 ",PF,25,MIA,6,80,8.9,0.577,7.7,3.5,0.6,1.1,5.5,10.3,0.1,0.1,0.2,-2.8,0
OG Anunoby,"$1,645,200 ",SF,20,TOR,70,1389,9.5,0.575,6.6,5.2,1.8,0.6,10.8,12.3,1.1,1.5,2.6,0.3,0.8
Norman Powell,"$1,471,382 ",SG,24,TOR,66,1003,8.4,0.496,6.2,11.5,1.6,1.2,14.5,18.9,-0.6,1.1,0.5,-3,-0.3
Noah Vonleh,"$3,505,233 ",PF,22,CHI,21,399,13.9,0.484,19.3,8,1.6,1.3,9.6,18.1,0,0.5,0.5,-2.7,-0.1
Noah Vonleh,"$3,505,233 ",PF,22,TOT,54,875,12.8,0.509,19.2,5.7,1.1,1.6,10.7,14.5,0.5,1.2,1.7,-3.1,-0.2
Noah Vonleh,"$3,505,233 ",PF,22,POR,33,476,12,0.543,19.2,3.8,0.6,1.9,12,11.5,0.5,0.7,1.2,-3.4,-0.2
Nikola Vucevic,"$12,250,000 ",C,27,ORL,54,1619,19.7,0.536,17,19.3,1.6,2.9,11.1,25.9,1.3,2.2,3.5,2.6,1.9
Nikola Mirotic,"$12,500,000 ",PF,26,TOT,51,1352,17.8,0.567,14.1,8.7,1.4,2.2,8,23.2,1.6,1.5,3.2,0.1,0.7
Nikola Mirotic,"$12,500,000 ",PF,26,CHI,25,622,22,0.624,13.7,11,1.2,1.9,8.4,25.7,1.5,0.6,2.1,1.9,0.6
Nikola Mirotic,"$12,500,000 ",PF,26,NOP,26,730,14.1,0.51,14.4,6.6,1.5,2.5,7.6,21.1,0.2,0.9,1.1,-1.4,0.1
Nikola Jokic,"$1,471,382 ",C,22,DEN,71,2288,24.4,0.607,18.4,29.2,1.8,2.1,15.8,24.1,7.3,2.6,9.9,6.9,5.1
Nik Stauskas,"$3,807,146 ",SG,24,PHI,6,45,0.9,0.41,1.2,2.7,4.3,0,45,8.4,-0.1,0.1,0,-4.8,0
Nik Stauskas,"$3,807,146 ",SG,24,BRK,31,414,10,0.559,7.2,10.9,0.5,0.5,11.6,16.3,0.2,0.2,0.4,-3.7,-0.2
Nik Stauskas,"$3,807,146 ",SG,24,TOT,37,459,9.1,0.554,6.6,10.1,0.8,0.5,13.4,15.5,0.1,0.2,0.3,-3.9,-0.2
Nigel Hayes,"$92,160 ",SF,23,LAL,2,11,9.8,0.436,0,24.2,0,0,0,13.3,0,0,0,-12.9,0
Nigel Hayes,"$92,160 ",SF,23,TOR,2,6,34.9,1.5,0,0,0,0,33.3,21.9,0,0,0,8,0
Nigel Hayes,"$92,160 ",SF,23,TOT,6,60,2.4,0.362,4.7,11,0,1.6,9.4,15.7,-0.2,0,-0.2,-10,-0.1
Nigel Hayes,"$92,160 ",SF,23,SAC,2,43,-4,0.18,6.6,9.2,0,2.2,6.7,15.5,-0.2,0,-0.2,-11.8,-0.1
Nicolas Brussino,"$1,312,611 ",SF,24,ATL,4,10,-4.6,0,16.8,0,0,0,0,8.7,0,0,0,-18.6,0
Nicolas Batum,"$22,434,783 ",SG,29,CHO,61,1918,14.3,0.518,8.3,26,1.6,1,15,18.2,1.6,1.7,3.3,1.2,1.6
Nick Young,"$5,192,000 ",SG,32,GSW,76,1307,10.1,0.562,4.8,3.5,1.3,0.4,7.3,18,0.7,0.9,1.6,-3.7,-0.5
Nick Collison,"$2,328,652 ",PF,37,OKC,13,72,13.8,0.666,14.6,8.6,0,0,23.7,17.6,0.1,0,0.1,-6,-0.1
Nerlens Noel,"$4,187,599 ",C,23,DAL,30,472,16.2,0.558,19.8,6.3,3.3,4.1,18.1,13.8,0.4,1,1.3,1.2,0.4
Nene Hilario,"$3,477,600 ",C,35,HOU,50,732,17,0.604,13.3,9.6,1.8,1.6,11.7,19,1.6,1,2.6,-0.6,0.3
Nemanja Bjelica,"$3,949,999 ",PF,29,MIN,63,1286,12.9,0.598,11.6,8.6,1.7,1,12,14.3,1.7,1,2.7,0.6,0.8
Naz Mitrou-Long,"$92,160 ",SG,24,UTA,1,1,134.1,1.5,0,0,0,0,0,45.1,0.1,0,0.1,54.4,0
Nate Wolters,"$50,000 ",PG,26,UTA,5,19,-2.9,0.167,6,7.1,0,0,0,14.2,-0.1,0,-0.1,-12.5,-0.1
Myles Turner,"$2,569,920 ",C,21,IND,61,1761,17.6,0.581,13.1,7.2,1.1,5.7,11.5,20.1,2.6,2.5,5,1.4,1.5
Myke Henry,$0 ,SF,25,MEM,16,301,8.7,0.464,5.8,8.6,3.7,1.6,15.2,15.7,-0.3,0.3,0,-2,0
Montrezl Harrell,"$1,471,382 ",C,24,LAC,72,1190,24.9,0.656,13.3,9.2,1.3,3.3,9.8,23.8,4.1,1.2,5.3,2.3,1.3
Monte Morris,$0 ,PG,22,DEN,3,25,27.1,0.727,4.5,41.1,5.9,0,12.7,13.7,0.1,0,0.2,2,0
Mirza Teletovic,"$10,500,000 ",PF,32,MIL,10,159,13.5,0.623,8.5,9.5,1.3,0.5,10.9,18.2,0.2,0.1,0.3,-1.7,0
Mindaugas Kuzminskas,"$3,025,035 ",SF,28,NYK,1,2,-41.1,0,0,0,0,0,0,43.6,0,0,0,-49.2,0
Milton Doyle,$0 ,SG,24,BRK,7,75,4.5,0.321,8.5,9.8,2.6,1,6,19.1,-0.2,0.1,-0.1,-6.9,-0.1
Milos Teodosic,"$6,000,000 ",PG,30,LAC,45,1134,11.7,0.564,6.1,26.2,1,0.4,20.3,18.2,0.9,0.5,1.4,-1.3,0.2
Miles Plumlee,"$12,500,000 ",C,29,ATL,52,888,10.7,0.57,14,7.3,0.9,2.9,23.7,13.1,0.1,0.7,0.8,-2.5,-0.1
Mike Scott,"$1,709,538 ",PF,29,WAS,72,1320,13.7,0.608,9.8,8.9,0.8,0.7,12.8,19.8,1.4,1,2.3,-2.2,-0.1
Mike Muscala,"$5,000,000 ",C,26,ATL,50,984,14.6,0.599,12.2,7,1.5,2.3,11,15.8,1.4,0.9,2.3,0.2,0.6
Mike James,"$87,552 ",PG,27,NOP,4,18,3.5,0.222,3,43.8,2.7,0,10,24.1,-0.1,0,-0.1,-12.4,0
Mike James,"$87,552 ",PG,27,PHO,32,669,14.2,0.476,7.1,29.1,1.9,0.8,12.1,25.1,0,0.3,0.3,-2.4,-0.1
Mike James,"$87,552 ",PG,27,TOT,36,687,13.9,0.469,7,29.5,2,0.8,12,25.1,-0.1,0.3,0.2,-2.7,-0.1
Mike Conley,"$28,530,608 ",PG,30,MEM,12,373,15.5,0.52,4.2,22.3,1.6,0.8,8.4,25.9,0.4,0.2,0.6,-2.2,0
Michael Kidd-Gilchrist,"$13,000,000 ",SF,24,CHO,71,1778,12.6,0.534,9,6,1.3,1.5,7.6,16.4,1.6,1.5,3.1,-1.8,0.1
Michael Carter-Williams,"$2,700,000 ",PG,26,CHO,52,835,10.9,0.446,8.9,19.5,2.6,2.3,16.2,16.6,-0.2,1.1,0.8,-0.7,0.3
Michael Beasley,"$2,116,955 ",PF,29,NYK,70,1582,17.7,0.557,13.9,12.4,1,2.2,14.1,26.8,0.9,1.4,2.2,-1.7,0.1
Meyers Leonard,"$9,904,495 ",C,25,POR,30,237,16.8,0.661,14.8,10.6,1.3,0,11.6,16,0.6,0.3,0.9,0.3,0.1
Maxi Kleber,"$815,615 ",PF,26,DAL,69,1155,12.9,0.567,10.4,6.1,1.1,3.4,7.9,13.5,1.5,1.2,2.6,0,0.6
Maurice Harkless,"$10,162,922 ",SF,24,POR,59,1264,12.6,0.596,7,6,1.9,2.8,11,12.6,1.6,1.6,3.2,1.8,1.2
Matthew Dellavedova,"$9,607,500 ",PG,27,MIL,37,702,8.7,0.506,5.3,27.3,1,0,23.1,13.4,0.3,0.2,0.5,-5.8,-0.7
Matt Williams,"$50,000 ",SG,24,MIA,3,11,-0.7,0.417,5.1,0,0,0,14.3,28.6,-0.1,0,0,-17.1,0
Matt Costello,$0 ,C,24,SAS,4,32,9.7,0.5,15.6,8.3,3.2,5.2,20,7,0,0.1,0.1,1.7,0
Mason Plumlee,"$14,041,096 ",C,27,DEN,70,1373,16.8,0.582,15.6,14.6,1.7,4.7,18.8,16.6,1.7,1.6,3.3,1.6,1.3
Marvin Williams,"$13,168,750 ",PF,31,CHO,75,1941,13.3,0.593,10,6.7,1.3,1.5,9.7,14.5,2.7,1.8,4.5,1.1,1.5
MarShon Brooks,"$86,119 ",SG,29,MEM,3,76,38.1,0.733,4.6,32.6,3.3,1.2,7.7,30.6,0.5,0.1,0.6,10.6,0.2
Marshall Plumlee,"$100,000 ",C,25,MIL,8,52,10.9,0.697,19.3,4.8,0,1.6,23,11.4,0.1,0,0.2,-5.7,0
Marreese Speights,"$2,116,955 ",C,30,ORL,50,647,13.9,0.541,11,9.5,0.5,2.7,9.4,26.9,0.2,0.5,0.7,-2.7,-0.1
Marquis Teague,"$83,129 ",PG,24,MEM,3,74,5.8,0.302,4.7,24.9,2.7,0,14.2,12.9,-0.1,0.1,-0.1,-7.3,-0.1
Marquese Chriss,"$3,073,800 ",PF,20,PHO,71,1501,10.8,0.504,13.8,8.1,1.6,3.8,16.6,17.9,-0.9,1.5,0.6,-2.1,-0.1
Markieff Morris,"$8,000,000 ",PF,28,WAS,69,1872,13.3,0.573,11.8,10.8,1.4,1.8,15.2,19.3,1.1,2,3.2,-0.4,0.8
Markelle Fultz,"$7,026,240 ",SG,19,PHI,10,176,10.3,0.404,7.4,27.6,1.6,1.4,11.1,22,-0.1,0.2,0.1,-5.1,-0.1
Markel Brown,$0 ,SG,26,HOU,4,31,-1.3,0.357,9.1,8.7,0,0,22.2,12.8,-0.1,0,0,-8.4,-0.1
Mario Hezonja,"$4,078,320 ",SF,22,ORL,71,1544,13.6,0.544,9.3,9.4,2.4,1.6,11.4,19.8,0.4,1.7,2.1,-0.9,0.4
Mario Chalmers,"$2,106,407 ",PG,31,MEM,62,1353,10.1,0.5,6.4,21.6,2.8,0.8,18.8,19.4,-0.7,1.2,0.6,-2.8,-0.3
Marcus Smart,"$4,538,020 ",SG,23,BOS,54,1614,10.8,0.479,6.4,23.9,2.2,1.2,18.4,19.5,-0.6,2.5,1.9,-0.4,0.7
Marcus Paige,$0 ,PG,24,CHO,2,15,18.8,0.507,10.8,22.1,0,0,0,25.7,0,0,0,-2.4,0
Marcus Morris,"$5,000,000 ",PF,28,BOS,52,1398,14.8,0.547,11.2,8,1.2,0.7,8.8,23,1.2,2.1,3.3,-1.4,0.2
Marcus Georges-Hunt,"$1,312,611 ",SG,23,MIN,41,223,6.3,0.498,4.2,4.1,1.3,0,5.1,11.8,0.1,0,0.2,-4.7,-0.2
Marco Belinelli,"$6,306,060 ",SG,31,TOT,76,1838,14,0.581,4.1,11.9,1.6,0.4,10.1,20.3,2.2,1.2,3.4,-1.5,0.2
Marco Belinelli,"$6,306,060 ",SG,31,PHI,24,628,13.6,0.637,3.3,8.7,1.2,0.8,12,18.8,0.9,0.6,1.5,-1.1,0.1
Marco Belinelli,"$6,306,060 ",SG,31,ATL,52,1210,14.1,0.555,4.6,13.6,1.9,0.2,9.2,21.2,1.3,0.6,1.9,-1.7,0.1
Marcin Gortat,"$12,782,609 ",C,33,WAS,78,1967,14.9,0.55,17,10.8,1,2.6,13.5,15.6,2.4,2.3,4.7,0.4,1.2
Marc Gasol,"$22,642,350 ",C,33,MEM,72,2374,17.3,0.531,14.2,21.5,1.1,4,14.1,25.7,1.3,2.6,4,1.5,2.1
Manu Ginobili,"$2,500,000 ",SG,40,SAS,62,1241,12.4,0.544,5.9,18.8,1.7,1.1,16.7,21.3,0.4,1.6,1.9,-1.2,0.2
Mangok Mathiang,$0 ,C,25,CHO,4,20,18.1,0.538,27.1,0,2.4,0,0,16.1,0,0,0.1,-10,0
Malik Monk,"$2,904,480 ",SG,19,CHO,60,778,8.5,0.457,4.5,15.4,1.1,0.9,10.3,24.2,-0.9,0.5,-0.4,-5.3,-0.7
Malik Beasley,"$1,700,640 ",SG,21,DEN,61,581,8.8,0.504,6.9,7.4,1.3,1,11.1,16.1,0,0.3,0.3,-5.3,-0.5
Malcolm Miller,$0 ,SF,24,TOR,15,126,8.9,0.638,6.7,3.2,0.4,1.3,14.4,12.1,0.1,0.1,0.2,-2,0
Malcolm Delaney,"$2,500,000 ",PG,28,ATL,54,1014,10.7,0.519,5.5,23.5,1.7,0.5,16.9,16.9,0.4,0.6,1,-3.6,-0.4
Malcolm Brogdon,"$1,312,611 ",PG,25,MIL,46,1404,14.3,0.579,6.4,16.3,1.5,0.8,11,19.1,2,0.7,2.7,-1.2,0.3
Malachi Richardson,"$1,504,560 ",SG,22,TOR,1,5,10.5,0.5,11.2,0,0,0,0,17.5,0,0,0,-11.6,0
Malachi Richardson,"$1,504,560 ",SG,22,SAC,25,319,5.8,0.445,5.9,5.7,1.6,0.3,9.3,15.1,-0.2,0.1,-0.1,-6.4,-0.3
Malachi Richardson,"$1,504,560 ",SG,22,TOT,26,324,5.9,0.446,6,5.6,1.6,0.3,9.1,15.2,-0.2,0.1,-0.1,-6.5,-0.4
Luol Deng,"$17,190,000 ",SF,32,LAL,1,13,5.5,0.5,0,10.1,3.7,0,33.3,9.8,0,0,0,-8.6,0
Luke Kornet,$0 ,PF,22,NYK,16,239,11.5,0.436,11.4,11.2,1,4,4.2,17.5,0,0.2,0.2,-0.7,0.1
Luke Kennard,"$2,759,280 ",SG,21,DET,69,1339,11.6,0.55,6.4,12.4,1.5,0.9,12.3,16.9,0.8,1.3,2.2,-1.8,0.1
Luke Babbitt,"$1,974,159 ",SF,28,ATL,37,570,12,0.636,7.9,7,0.6,0.8,7.8,14.8,0.9,0.2,1.1,-2,0
Luke Babbitt,"$1,974,159 ",SF,28,TOT,49,708,10.2,0.587,7.6,6.6,0.6,0.8,7.9,14.9,0.6,0.4,1,-3,-0.2
Luke Babbitt,"$1,974,159 ",SF,28,MIA,12,138,2.5,0.384,6.1,5,0.4,1.2,8.5,15.3,-0.2,0.1,-0.1,-6.9,-0.2
Luis Montero,"$50,000 ",SG,24,DET,2,8,-15.5,0,13.8,0,0,0,66.7,16.6,-0.1,0,-0.1,-25.8,0
Lucas Nogueira,"$2,947,305 ",C,25,TOR,47,404,17.5,0.661,11.8,7,2.8,8.3,14.4,11.3,0.7,0.9,1.6,5.5,0.8
Luc Mbah a Moute,"$2,116,955 ",PF,31,HOU,58,1507,10.1,0.601,6.7,5.1,2.1,1.4,15.6,12.7,0.8,1.9,2.6,-0.1,0.7
Lou Williams,"$7,000,000 ",SG,31,LAC,77,2527,20.5,0.575,4.3,26.5,1.6,0.6,13.1,29.9,5.6,1.3,6.9,1.2,2.1
Lorenzo Brown,$0 ,PG,27,TOR,13,114,6.6,0.406,4.9,13.6,1.7,0,7.2,10.7,0,0.1,0.1,-4.2,-0.1
Lonzo Ball,"$6,286,560 ",PG,20,LAL,52,1780,12.5,0.444,10.8,29,2.4,2,18.6,17.4,-0.5,2.5,2,1.6,1.6
London Perrantes,$0 ,PG,23,CLE,13,33,-1.4,0.205,3.4,18.8,0,0,12,11.2,-0.1,0,-0.1,-12.6,-0.1
LeBron James,"$33,285,709 ",PF,33,CLE,78,2898,28.5,0.62,13.1,44,1.9,2.1,15.9,31.4,10.4,3,13.4,9.7,8.6
Lauri Markkanen,"$3,821,640 ",PF,20,CHI,65,1949,15.3,0.551,13.4,6.2,0.9,1.8,8.1,21.7,1.5,1.6,3.2,-1.9,0
Larry Nance,"$1,471,382 ",C,25,TOT,62,1367,20.3,0.613,17,8.8,3,2.1,10,15.8,3.5,2.2,5.7,3.6,1.9
Larry Nance,"$1,471,382 ",C,25,LAL,42,922,19.4,0.618,16.4,9.1,3.1,1.8,12.3,15.3,2.1,1.5,3.7,3.7,1.3
Larry Nance,"$1,471,382 ",C,25,CLE,20,445,22,0.605,18.2,8.2,3,2.9,5.3,16.9,1.4,0.7,2,3.5,0.6
Larry Drew,"$148,318 ",PG,27,NOP,7,55,6.3,0.441,2,19.1,0,0,10.5,15,0,0,0,-9,-0.1
Larry Drew,"$148,318 ",PG,27,PHI,3,15,-9.4,0.143,3.6,17.3,0,0,12.5,22.8,-0.1,0,-0.1,-17.3,-0.1
Larry Drew,"$148,318 ",PG,27,TOT,10,70,3,0.354,2.3,18.7,0,0,11.1,16.7,-0.1,0,-0.1,-10.7,-0.2
Langston Galloway,"$6,666,667 ",SG,26,DET,54,782,12.3,0.509,5.8,10.3,1.9,0.6,5.1,19,0.5,0.8,1.4,-1.6,0.1
Lance Thomas,"$6,655,325 ",PF,29,NYK,70,1302,6.4,0.512,7.1,4.3,1.1,0.9,12.4,10.5,0.2,0.6,0.8,-2.6,-0.2
Lance Stephenson,"$4,180,000 ",SG,27,IND,78,1747,12.4,0.501,12.6,18.4,1.2,0.8,15.1,21.8,-0.2,1.9,1.6,-2.1,-0.1
LaMarcus Aldridge,"$21,461,010 ",C,32,SAS,72,2416,25.2,0.573,14,11.5,0.8,3,6.9,29.1,7.3,3.4,10.8,3.4,3.3
Kyrie Irving,"$18,868,625 ",PG,25,BOS,60,1931,25.1,0.61,6.4,30.9,1.7,0.7,10.4,31.1,6.3,2.7,9,6.4,4.1
Kyle Singler,"$4,666,500 ",SF,29,OKC,12,59,5.9,0.43,9.4,4.8,0.8,0,10.1,21.6,-0.1,0,0,-11.8,-0.1
Kyle O'Quinn,"$4,087,500 ",C,27,NYK,73,1289,19.4,0.623,18.6,16.9,1.3,6,19.3,17,2.3,1.9,4.2,4,2
Kyle Lowry,"$28,703,704 ",PG,31,TOR,74,2387,19.6,0.6,9.7,30.4,1.7,0.5,14.5,21.6,6.8,2.9,9.7,5.8,4.7
Kyle Kuzma,"$1,423,560 ",PF,22,LAL,76,2383,14.4,0.551,10.7,9.2,1,1.1,10.8,22.5,1.7,2.3,4,-1.2,0.5
Kyle Korver,"$7,000,000 ",SG,36,CLE,70,1516,13.5,0.651,5.8,8,0.9,1.5,9.1,16.1,2.8,0.6,3.4,0.1,0.8
Kyle Collinsworth,"$92,160 ",SF,26,DAL,29,409,9.8,0.439,12.5,15.1,2,1.3,17.1,13,0,0.5,0.4,-1.7,0
Kyle Anderson,"$2,151,704 ",SF,24,SAS,71,1906,15.7,0.579,11.2,14.7,2.9,2.5,16.3,13.5,2.2,3.7,5.9,4,2.9
Kristaps Porzingis,"$4,503,600 ",PF,22,NYK,48,1553,20.4,0.539,11.3,6.3,1.1,6.4,8.4,31,1.4,1.8,3.2,-0.6,0.5
Kris Dunn,"$4,046,760 ",PG,23,CHI,52,1525,14.5,0.488,7.8,33.3,3.3,1.6,17.3,24.7,-1,1.9,0.9,0,0.8
Kosta Koufos,"$8,393,000 ",C,28,SAC,71,1391,17.5,0.566,19.3,9.7,1.7,2.2,10.4,15.2,2.3,1.5,3.8,0.4,0.8
Kobi Simmons,$0 ,PG,20,MEM,28,523,6.9,0.459,5,15.5,1.7,0.9,18.1,16.6,-0.6,0.3,-0.3,-6.1,-0.5
Klay Thompson,"$17,826,150 ",SG,27,GSW,69,2369,16.1,0.601,6.2,11.5,1.1,1.1,9.7,23.4,3,1.8,4.9,-0.4,1
Khris Middleton,"$14,100,000 ",SF,26,MIL,78,2857,17.4,0.579,8.5,17.6,2,0.6,11.8,24.5,4.4,2.2,6.6,0.4,1.7
Khem Birch,"$815,615 ",C,25,ORL,38,481,14.6,0.543,16.7,8.9,1.1,3,13.6,12.8,0.8,0.5,1.2,-0.4,0.2
Kevon Looney,"$1,471,382 ",C,21,GSW,62,819,14.4,0.581,13.3,6.1,1.8,4.9,12.6,12.3,1.2,1.2,2.5,1.1,0.7
Kevin Love,"$22,642,350 ",C,29,CLE,56,1556,22.4,0.608,18.9,9.6,1.3,1.3,9.6,25.3,4.3,1.6,5.9,1,1.2
Kevin Durant,"$25,000,000 ",PF,29,GSW,64,2196,26.2,0.643,11.2,25.3,1,4.2,12.9,30.3,7.2,2.9,10.1,5.9,4.4
Kentavious Caldwell-Pope,"$17,745,894 ",SG,24,LAL,70,2377,13.5,0.57,8.5,9.3,2.1,0.5,9.9,16.9,2.8,2.6,5.4,1.2,1.9
Kent Bazemore,"$16,910,113 ",SG,28,ATL,65,1789,14.5,0.547,7.7,20.1,2.7,2.2,17,22.5,0.2,1.9,2.2,0.4,1.1
Kenneth Faried,"$12,921,348 ",PF,28,DEN,32,461,17.4,0.552,18.7,5.8,1.3,2.4,11.9,18.2,0.9,0.4,1.3,-2.3,0
Kemba Walker,"$12,000,000 ",PG,27,CHO,77,2663,20.7,0.571,4.9,27.5,1.6,0.8,10.3,27.5,6.3,2,8.3,3.3,3.5
Kelly Oubre,"$2,093,040 ",SF,22,WAS,77,2121,12.2,0.539,9.3,6.4,1.7,1.4,8.8,19.4,1.6,2.2,3.7,-1.1,0.5
Kelly Olynyk,"$10,607,169 ",PF,26,MIA,73,1720,18,0.615,13.5,18.8,1.8,1.7,17,21.6,2.8,2.6,5.5,3.2,2.2
Kay Felder,"$1,312,611 ",PG,22,DET,1,3,-31.6,0,18.4,0,0,0,33.3,44.2,-0.1,0,-0.1,-41.4,0
Kay Felder,"$1,312,611 ",PG,22,CHI,14,134,3.6,0.386,5.6,23,1.1,0.7,17.4,28,-0.5,0.1,-0.5,-11.5,-0.3
Kay Felder,"$1,312,611 ",PG,22,TOT,15,137,2.9,0.375,5.9,22.5,1.1,0.6,17.9,28.4,-0.6,0.1,-0.5,-12.1,-0.3
Kawhi Leonard,"$18,868,625 ",SF,26,SAS,9,210,26,0.572,11.1,17.7,4.3,3.6,11.1,30.6,0.3,0.5,0.9,5.9,0.4
Karl-Anthony Towns,"$6,216,840 ",C,22,MIN,78,2770,24.8,0.645,20,10.7,1.1,3.5,10.8,22.9,9.8,3.1,13,5.3,5.1
Kadeem Allen,$0 ,PG,25,BOS,14,79,-3.1,0.222,4.9,9.9,1.3,1.1,27.6,12.3,-0.3,0.1,-0.2,-8.4,-0.1
Jusuf Nurkic,"$2,947,305 ",C,23,POR,75,1966,19.1,0.529,18.3,11.6,1.5,4.3,14.7,26.6,0.6,3.7,4.3,-0.1,1
Justise Winslow,"$2,705,040 ",SF,21,MIA,65,1587,11.5,0.498,12.3,13,1.6,1.8,12.8,16.2,0.3,2.3,2.6,-0.9,0.4
Justin Patton,"$2,247,480 ",C,20,MIN,1,4,19.8,0.5,0,0,12.5,0,0,22.1,0,0,0,3.2,0
Justin Jackson,"$2,365,560 ",SF,22,SAC,65,1413,9.8,0.53,7.2,7.3,1,0.8,8.4,14.4,0.6,0.5,1,-3.4,-0.5
Justin Holiday,"$4,615,385 ",SG,28,CHI,69,2180,10.9,0.518,6.8,9.9,1.7,1.3,9.8,18,0.4,1.6,1.9,-1.1,0.5
Justin Anderson,"$1,579,440 ",SF,24,PHI,36,485,11.9,0.523,9.6,7.3,1.4,1,6.6,18.8,0.4,0.6,1,-2.5,-0.1
Julyan Stone,"$1,524,305 ",SG,29,CHO,20,106,6.7,0.635,11.7,19.5,0.9,1.6,43.2,5.7,0,0.1,0.1,-2.8,0
Julius Randle,"$4,149,242 ",C,23,LAL,78,2099,19.8,0.605,15.8,15.6,0.9,1.7,16.1,25.2,3.8,2.4,6.3,0.8,1.5
Juan Hernangomez,"$2,076,840 ",PF,22,DEN,24,275,10,0.517,11.1,5.9,1.1,0.9,10.2,13.9,0.2,0.1,0.4,-3.2,-0.1
Jrue Holiday,"$25,686,667 ",SG,27,NOP,77,2788,17.4,0.566,6.8,24.5,1.9,1.7,13.6,23.2,3.6,2.6,6.3,1.7,2.6
Josh Smith,"$5,400,000 ",PF,32,NOP,3,12,3.5,0.25,18.1,0,0,0,0,14.4,0,0,0,-13.4,0
Josh Richardson,"$1,471,382 ",SF,24,MIA,78,2601,13.7,0.556,5.9,13.1,2.3,2.4,13,18.2,1.9,3.5,5.4,1.5,2.3
Josh McRoberts,"$6,021,175 ",PF,30,DAL,2,6,-12.5,0,0,0,0,0,0,7.6,0,0,0,-12.1,0
Josh Magette,$0 ,PG,28,ATL,18,216,11.9,0.464,4.9,36.5,1.8,0.4,15.4,11.8,0.3,0.1,0.4,-5.4,-0.2
Josh Jackson,"$5,090,040 ",SF,20,PHO,76,1929,11.8,0.482,9.4,10.2,1.9,1.4,12.2,25.7,-1.8,1.2,-0.6,-4.3,-1.1
Josh Huestis,"$1,471,382 ",PF,26,OKC,67,979,5.3,0.413,9.1,2.7,0.8,4,12.1,9.4,-0.5,1,0.5,-3.9,-0.5
Josh Hart,"$1,394,520 ",SG,22,LAL,59,1312,11.2,0.579,9.6,7.7,1.5,0.9,10.1,12.5,1.4,1.3,2.8,-0.4,0.5
Josh Gray,"$92,160 ",PG,24,PHO,5,86,7.3,0.349,6.2,20.8,4.5,1.9,13.2,26,-0.3,0.1,-0.2,-5.4,-0.1
Jose Calderon,"$2,328,652 ",PG,36,CLE,55,888,11.5,0.652,5,17.8,1.5,0.2,17.5,11.7,1.5,0.3,1.8,-1.8,0.1
Jordan Mickey,"$1,471,382 ",PF,23,MIA,23,284,10.6,0.515,16.3,4.8,1.1,3,16.6,17.1,-0.1,0.5,0.3,-5,-0.2
Jordan Crawford,"$250,000 ",SG,29,NOP,2,37,15.7,0.643,4.4,35.7,0,2.2,22.2,21.1,0.1,0,0.1,-3.4,0
Jordan Clarkson,"$11,562,500 ",SG,25,LAL,53,1256,17,0.532,6.8,22.8,1.5,0.2,11.6,27.7,1.1,0.9,2.1,-1.3,0.2
Jordan Clarkson,"$11,562,500 ",SG,25,TOT,77,1819,16.7,0.543,6.3,19.4,1.5,0.3,10.8,26.6,1.9,1.1,3.1,-1.7,0.1
Jordan Clarkson,"$11,562,500 ",SG,25,CLE,24,563,16,0.574,5.3,11.9,1.4,0.5,8.9,24,0.8,0.2,1,-2.5,-0.1
Jordan Bell,"$815,615 ",C,23,GSW,53,774,18.7,0.646,14.6,17.2,2.1,5.7,18.9,13.8,1.7,1.4,3,4.4,1.3
Jonathon Simmons,"$6,300,000 ",SG,28,ORL,69,2029,12.8,0.555,6.5,13.3,1.4,0.6,14.4,21.9,0.8,1.1,2,-2.3,-0.2
Jonathan Isaac,"$4,186,320 ",PF,20,ORL,27,536,9.8,0.465,10.2,4.8,3,4.5,14.8,15,-0.6,0.8,0.2,-1.8,0
Jonas Valanciunas,"$15,460,675 ",C,25,TOR,74,1657,22.3,0.625,21.4,7.6,0.9,3.1,12.9,22.7,4.4,2.8,7.2,1.5,1.5
Jonas Jerebko,"$4,000,000 ",PF,30,UTA,70,1069,13,0.573,12.6,5.9,1.1,0.9,6.5,15.6,1.6,1.5,3.1,-0.9,0.3
Jon Leuer,"$10,497,319 ",PF,28,DET,8,136,8.9,0.505,13,5.3,0.4,2,14.1,16.1,0,0.1,0.1,-5.9,-0.1
Johnny O'Bryant,"$1,524,305 ",PF,24,CHO,36,379,12,0.47,13.3,5.9,1.2,1.3,7.6,22.5,-0.1,0.4,0.3,-5.3,-0.3
Johnathan Motley,$0 ,PF,22,DAL,8,91,15.6,0.559,15.9,5.6,0.6,2,9,22.1,0.1,0.1,0.2,-6,-0.1
John Wall,"$18,063,850 ",PG,27,WAS,39,1335,18.5,0.507,5.9,43.6,1.9,2.7,16.6,29,1,1.3,2.3,0.9,1
John Holland,$0 ,SF,29,CLE,22,136,4.8,0.387,7.8,3.9,2.2,1.3,10.5,15.5,-0.2,0.1,-0.1,-6.5,-0.2
John Henson,"$11,422,536 ",C,27,MIL,72,1869,15.8,0.587,15.4,8.5,1.1,4.8,13.4,15.1,2.7,2,4.7,0.5,1.2
John Collins,"$1,936,920 ",PF,20,ATL,71,1690,18.4,0.624,17.1,8.2,1.2,4,14.3,17.9,3.3,1.9,5.2,1.4,1.5
Joffrey Lauvergne,"$1,524,305 ",C,26,SAS,52,523,16.5,0.542,17.9,11.6,0.9,0.5,13.8,20.4,0.6,0.7,1.3,-1.6,0.1
Joel Embiid,"$6,100,266 ",C,23,PHI,63,1912,22.9,0.573,19.5,18.2,1,4.8,15.6,33.5,2.3,3.9,6.2,2.7,2.3
Joel Bolomboy,"$1,312,611 ",PF,24,MIL,6,38,11.7,0.521,15.5,0,2.6,0,18.8,12.7,0,0,0.1,-7.7,-0.1
Joe Young,"$1,471,382 ",PG,25,IND,50,520,10.2,0.522,6.7,9.8,1.3,0.2,12,17.9,0.1,0.4,0.5,-4.7,-0.4
Joe Johnson,"$9,505,000 ",SF,36,HOU,19,429,7.3,0.496,7.1,10.9,0.7,0.2,11.7,14.1,0,0.3,0.4,-4.1,-0.2
Joe Johnson,"$9,505,000 ",SF,36,UTA,32,700,9,0.492,8.7,9.8,0.9,0.7,11.6,17.2,-0.3,0.8,0.6,-3.5,-0.3
Joe Johnson,"$9,505,000 ",SF,36,TOT,51,1129,8.4,0.494,8.1,10.2,0.8,0.5,11.6,16,-0.2,1.2,0.9,-3.7,-0.5
Joe Ingles,"$14,136,364 ",SF,30,UTA,78,2461,14.3,0.622,7.7,22.4,1.8,0.6,17.3,16,3.7,3.3,7,2.9,3.1
Joe Harris,"$1,524,305 ",SG,26,BRK,76,1916,13,0.626,7,9.6,0.9,0.7,12.1,16.7,2.7,0.8,3.6,-0.2,0.9
Jodie Meeks,"$3,290,000 ",SG,30,WAS,74,1087,12.3,0.545,6.5,9.1,1.3,0.3,8,18.9,1.1,0.7,1.9,-2.9,-0.2
Joakim Noah,"$17,765,000 ",C,32,NYK,7,40,15.6,0.51,19.4,14,2.5,4.3,25.4,17.2,0,0.1,0.1,1,0
Jimmy Butler,"$19,301,070 ",SG,28,MIN,56,2077,23.5,0.589,8.5,20.7,2.6,1,8.9,24.7,6.8,1.6,8.4,4.9,3.6
Jerryd Bayless,"$9,000,000 ",SG,29,PHI,39,925,7.6,0.546,4.7,8.1,1.2,0.5,14.1,15.1,0.2,0.9,1.1,-2.7,-0.2
Jerian Grant,"$1,713,840 ",PG,25,CHI,70,1574,14.5,0.531,5.7,30.6,1.8,0.4,13.3,17.3,2.4,0.9,3.3,-1.8,0.1
Jeremy Lin,"$12,000,000 ",PG,29,BRK,1,25,16,0.597,0,27.3,0,0,16.6,31.3,0,0,0,-13.4,-0.1
Jeremy Lamb,"$7,000,000 ",SG,25,CHO,77,1901,17,0.557,9.1,15.4,1.5,1.4,9.2,22.6,2.8,1.8,4.7,0.8,1.4
Jeremy Evans,"$104,059 ",SF,30,ATL,1,5,10.4,1,11.2,0,0,0,50,17.5,0,0,0,-8.3,0
Jerami Grant,"$1,524,305 ",PF,23,OKC,78,1585,15.6,0.596,10.7,5.1,0.9,4.1,9.1,16,3,1.8,4.8,-0.9,0.4
Jeff Withey,"$1,577,320 ",C,27,DAL,9,39,8.3,0.444,14.3,0,0,6.8,10.6,22,-0.1,0.1,0,-12.7,-0.1
Jeff Teague,"$19,000,000 ",PG,29,MIN,66,2166,16.1,0.55,5.3,30.5,2.2,0.9,16.8,20.4,3,1.3,4.3,0.1,1.1
Jeff Green,"$2,116,955 ",PF,31,CLE,74,1715,14.2,0.571,7.7,8.1,1.1,1.6,9.5,19.5,2.5,0.8,3.3,-2.4,-0.2
Jayson Tatum,"$5,645,400 ",SF,19,BOS,78,2383,15.1,0.586,9.1,8.3,1.6,2,10.8,19.4,2.9,3.9,6.9,0.9,1.8
Jaylen Morris,"$92,160 ",SG,22,ATL,6,98,6.9,0.452,9.1,10.8,1,0.9,16.2,16.5,-0.1,0.1,-0.1,-6.8,-0.1
Jaylen Brown,"$4,956,480 ",SF,21,BOS,67,2062,13.3,0.556,9,8.4,1.6,1,12,21,1,3.2,4.2,-0.2,0.9
Jawun Evans,"$815,615 ",PG,21,LAC,48,778,7.2,0.421,5.9,17.8,2.2,0.6,13.8,17.7,-0.8,0.7,-0.1,-4.7,-0.5
JaVale McGee,"$2,116,955 ",C,30,GSW,62,584,21.8,0.634,14.9,8.1,1.6,7.6,9.2,18.8,1.5,1,2.6,2.7,0.7
Jason Terry,"$2,328,652 ",SG,40,MIL,47,762,8,0.531,3.6,9.7,2.4,1.4,13.6,10.1,0.2,0.5,0.7,-2.2,0
Jason Smith,"$5,225,000 ",C,31,WAS,31,276,8.2,0.444,10.7,7.6,0.5,3.8,11.7,21.9,-0.3,0.2,-0.1,-6.3,-0.3
Jarrett Jack,"$2,328,652 ",PG,34,NYK,58,1483,11.2,0.487,6.7,31.3,1.2,0.2,19.9,16.5,0.3,0.7,1,-3.6,-0.6
Jarrett Allen,"$1,713,720 ",C,19,BRK,68,1341,17.6,0.634,14.3,5.6,1,4.1,15.3,16.7,2.5,1.3,3.9,0.1,0.7
Jarell Martin,"$1,471,382 ",PF,23,MEM,73,1661,10.5,0.516,11.1,7,1.2,2.8,13.6,17.1,0.1,1.3,1.4,-3,-0.4
Jarell Eddie,"$83,129 ",SF,26,BOS,2,6,4,0,9.1,0,8.3,0,0,7.5,0,0,0,-3.5,0
Jarell Eddie,"$83,129 ",SF,26,TOT,3,9,-1.9,0,6.1,0,5.6,0,0,9.8,0,0,0,-8.4,0
Jarell Eddie,"$83,129 ",SF,26,CHI,1,3,-13.6,0,0,0,0,0,0,14.5,0,0,0,-18.2,0
Jared Dudley,"$10,000,000 ",PF,32,PHO,45,626,8.7,0.554,7.3,16.2,1.7,1.2,17.5,10.1,0.4,0.3,0.8,-2,0
JaMychal Green,"$8,533,333 ",PF,27,MEM,55,1542,14,0.53,17.4,8.3,1.1,1.5,12.4,17.9,1.3,1.3,2.6,-1.3,0.3
Jamil Wilson,"$50,000 ",SF,27,LAC,15,274,11.4,0.634,6.4,5.2,0.9,2.4,8.8,14.3,0.4,0.2,0.6,0.1,0.1
James Young,$0 ,SG,22,PHI,6,61,4.6,0.511,1.8,4.3,0,0,5.7,12.4,0,0,0.1,-6.6,-0.1
James Webb,$0 ,SF,24,BRK,9,108,2.5,0.333,10.8,5,0.5,0,12.5,9.6,-0.1,0,-0.1,-6,-0.1
James Michael McAdoo,"$50,000 ",PF,25,PHI,3,18,7.5,0.508,6,0,0,4.6,11.3,21.1,0,0,0,-8.8,0
James Johnson,"$13,954,000 ",PF,30,MIA,70,1873,15.9,0.575,10.4,22.7,1.9,2.2,17.1,19,2.2,2.8,4.9,2,1.9
James Harden,"$28,299,399 ",SG,28,HOU,69,2449,30.2,0.619,8.6,44.8,2.5,1.7,14.7,36.2,11.4,3.6,15,11.1,8.1
James Ennis,"$3,028,410 ",SF,27,TOT,68,1540,11.8,0.592,8.1,6.7,1.5,1.1,11.6,13.6,2,1.1,3.1,-0.9,0.4
James Ennis,"$3,028,410 ",SF,27,MEM,45,1053,11.9,0.61,8.6,7.1,1.5,1.1,13,12.5,1.5,0.6,2.1,-0.7,0.4
James Ennis,"$3,028,410 ",SF,27,DET,23,487,11.5,0.563,7,5.8,1.3,1.1,9.1,15.9,0.5,0.5,1,-1.5,0.1
Jamel Artis,$0 ,SG,25,ORL,11,178,9.6,0.514,6.8,10.7,0.3,0.9,5.3,14,0.1,0.1,0.2,-4.7,-0.1
Jameer Nelson,"$4,736,050 ",PG,35,DET,7,116,2.6,0.322,3.8,27.8,1.7,0.8,21.4,19.5,-0.4,0.1,-0.3,-9.6,-0.2
Jameer Nelson,"$4,736,050 ",PG,35,NOP,43,897,8.9,0.52,5.8,22.4,1.2,0.3,20.9,13,0.3,0.5,0.8,-3.4,-0.3
Jameer Nelson,"$4,736,050 ",PG,35,TOT,50,1013,8.2,0.489,5.6,23,1.3,0.3,21,13.7,-0.1,0.6,0.6,-4.1,-0.5
Jameel Warney,"$46,080 ",PF,24,DAL,3,27,22.6,0.599,18.5,0,0,0,6.6,25.6,0.1,0,0.1,-12.1,-0.1
Jamal Murray,"$3,355,320 ",PG,20,DEN,77,2414,16.2,0.577,6.6,16.3,1.6,0.9,13,22.9,4,1.2,5.1,-0.2,1.1
Jamal Crawford,"$10,942,762 ",SG,37,MIN,76,1566,13.5,0.527,3.4,17.1,1.2,0.4,10.8,24.2,1.1,0.3,1.3,-3.9,-0.8
Jalen Jones,$0 ,SF,24,NOP,4,19,5.1,0.512,8.6,0,0,0,0,11.1,0,0,0,-10.9,0
Jalen Jones,$0 ,SF,24,TOT,14,134,9.5,0.492,12.8,2.4,0.7,0.7,9.7,20.9,-0.1,0.1,0,-8.3,-0.2
Jalen Jones,$0 ,SF,24,DAL,10,115,10.2,0.491,13.5,2.8,0.9,0.8,10.5,22.5,-0.1,0.1,0,-7.9,-0.2
Jakob Poeltl,"$2,825,640 ",C,22,TOR,78,1429,17,0.648,14.3,5.6,1.2,5.4,16.2,14.6,2.9,2.2,5.1,3.2,1.9
Jake Layman,"$1,312,611 ",SF,23,POR,33,155,3.8,0.331,4.9,8.7,1.9,2.1,9.9,14.3,-0.3,0.2,-0.1,-5.5,-0.1
JaKarr Sampson,$0 ,SF,24,SAC,19,277,13.2,0.571,12.5,4.7,1.5,6.5,9.6,11.8,0.3,0.3,0.6,-0.2,0.1
Jahlil Okafor,"$4,995,120 ",C,22,PHI,2,25,8.8,0.465,19.4,5.9,0,6.7,21.8,23.5,0,0,0,-6.9,0
Jahlil Okafor,"$4,995,120 ",C,22,BRK,26,328,15.9,0.593,12.3,6,0.4,3.6,11.4,20.8,0.3,0.3,0.6,-4.2,-0.2
Jahlil Okafor,"$4,995,120 ",C,22,TOT,28,353,15.4,0.584,12.8,5.9,0.4,3.9,12.2,21,0.3,0.3,0.6,-4.4,-0.2
Jae Crowder,"$6,796,117 ",SF,27,TOT,76,2007,10.3,0.531,7.3,6.9,1.5,0.8,9.5,16.9,1,1.5,2.5,-1.8,0.1
Jae Crowder,"$6,796,117 ",SF,27,CLE,53,1346,10.2,0.545,7.2,6,1.5,0.8,9.2,15.1,1,0.6,1.7,-1.8,0.1
Jae Crowder,"$6,796,117 ",SF,27,UTA,23,661,10.6,0.509,7.6,8.7,1.4,0.9,9.9,20.7,0,0.8,0.8,-1.9,0
Jacob Wiley,$0 ,PF,23,BRK,5,33,8.2,0.41,17.7,8,1.5,0,0,6.4,0,0,0.1,-3,0
Jacob Pullen,"$50,000 ",PG,28,PHI,3,6,-2.3,0.5,0,0,0,0,33.3,21.4,0,0,0,-15.3,0
Jack Cooley,$0 ,PF,26,SAC,4,43,26,0.581,25.2,15,1.2,0,0,17.9,0.2,0,0.3,3.6,0.1
Jabari Parker,"$6,782,392 ",PF,22,MIL,27,621,17.3,0.559,10.9,13.7,1.6,1.4,10,23.3,0.7,0.5,1.2,-1.6,0.1
Jabari Bird,$0 ,SG,23,BOS,9,37,3.8,0.377,5.9,3.5,1.4,0,13.1,9.2,0,0,0,-4.9,0
J.R. Smith,"$13,760,000 ",SG,32,CLE,76,2152,8.5,0.534,5.8,8.6,1.5,0.4,11.6,13.8,0.5,0.9,1.4,-1.6,0.2
J.J. Redick,"$23,000,000 ",SG,33,PHI,67,2021,15.6,0.612,4.5,15.2,0.8,0.2,9.8,21.5,4.4,1.8,6.1,-0.1,1
J.J. Barea,"$3,903,900 ",PG,33,DAL,69,1603,17.8,0.545,7,45.1,1.1,0.2,16.3,24.9,2.3,1.1,3.3,0.2,0.9
Ivica Zubac,"$1,312,611 ",C,20,LAL,39,336,15.6,0.567,15.7,9.1,0.9,2.7,14.8,17.9,0.5,0.4,0.9,-2.4,0
Ivan Rabb,"$950,000 ",PF,20,MEM,32,401,15.6,0.599,17.6,9.7,1,1.6,18.8,17.9,0.4,0.3,0.8,-2.8,-0.1
Ish Smith,"$6,000,000 ",PG,29,DET,78,1966,15,0.517,6.1,28,1.5,0.9,11.1,20.7,2,2,4,-1.5,0.3
Isaiah Whitehead,"$1,312,611 ",PG,22,BRK,16,180,11.6,0.53,7.7,19.7,2.2,0.8,20.3,28.4,-0.3,0.2,-0.1,-5.5,-0.2
Isaiah Thomas,"$6,261,395 ",PG,28,LAL,17,456,12.8,0.52,4.2,28.6,0.6,0.2,17.5,28.7,0,0.2,0.2,-4.7,-0.3
Isaiah Thomas,"$6,261,395 ",PG,28,CLE,15,406,12.3,0.493,4.3,25.2,1.1,0.4,15.5,28.9,-0.2,0.1,-0.1,-5.7,-0.4
Isaiah Thomas,"$6,261,395 ",PG,28,TOT,32,862,12.6,0.508,4.2,27,0.8,0.3,16.6,28.8,-0.1,0.3,0.2,-5.2,-0.7
Isaiah Taylor,"$1,312,611 ",PG,23,ATL,64,1086,11.2,0.499,4.5,27,1.4,0.8,15.5,19.7,0.4,0.4,0.8,-5.2,-0.9
Isaiah Hicks,$0 ,PF,23,NYK,14,169,4.9,0.449,10.8,6.5,0.6,1.5,16.3,15.8,-0.2,0.1,-0.1,-6.2,-0.2
Isaiah Canaan,"$1,069,308 ",PG,26,PHO,19,418,13.7,0.543,5.6,27,1.8,0.2,15.5,19,0.5,0.1,0.6,-2.2,0
Isaiah Canaan,"$1,069,308 ",PG,26,TOT,20,422,13.5,0.539,5.7,26.7,1.8,0.2,15.4,18.9,0.5,0.1,0.6,-2.4,0
Isaiah Canaan,"$1,069,308 ",SG,26,HOU,1,4,-7.3,0,14.1,0,0,0,0,11,0,0,0,-21.2,0
Iman Shumpert,"$10,337,079 ",SG,27,CLE,14,276,6.4,0.48,8.3,8.1,1.6,1.2,19.9,13,-0.2,0.2,0,-4,-0.1
Ike Anigbogu,"$950,000 ",C,19,IND,10,28,23.2,0.558,18.2,0,1.8,9.5,14.7,21.8,0.1,0,0.1,-5.4,0
Ian Mahinmi,"$16,661,641 ",C,31,WAS,74,1096,12.9,0.614,15.4,6.9,1.7,3.2,24.4,15.6,1,1.4,2.4,-0.1,0.5
Ian Clark,"$1,577,230 ",SG,26,NOP,72,1398,9.1,0.525,4.7,10.1,1.1,0.6,10.2,17.3,0.1,0.8,0.9,-4.2,-0.8
Henry Ellenson,"$1,780,800 ",PF,21,DET,34,242,7.7,0.422,13.9,10.7,0.6,0,10.8,23.6,-0.4,0.3,-0.2,-8.3,-0.4
Hassan Whiteside,"$23,775,506 ",C,28,MIA,51,1303,24.1,0.578,25.6,6.8,1.4,5.8,12.8,24.4,2.2,3,5.2,0.2,0.7
Harrison Barnes,"$23,112,004 ",PF,25,DAL,75,2561,16,0.542,10,10,1,0.5,8.2,25.2,2.1,1.9,4,-1.8,0.1
Guerschon Yabusele,"$2,247,480 ",PF,22,BOS,31,182,10.5,0.543,12.4,11.1,0.6,0.9,17.3,15.6,0.1,0.2,0.4,-1.5,0
Greg Monroe,"$17,884,176 ",C,27,TOT,47,951,20.2,0.586,18.4,16.8,2,1.7,17.9,22.4,1.3,1.4,2.7,1.3,0.8
Greg Monroe,"$17,884,176 ",C,27,BOS,22,407,21,0.552,18.5,16.3,2.7,2.9,17.7,25.4,0.4,0.9,1.3,2.4,0.5
Greg Monroe,"$17,884,176 ",C,27,PHO,20,465,21,0.642,18.4,18.3,1.6,1,18.6,19.6,1,0.4,1.4,2.3,0.5
Greg Monroe,"$17,884,176 ",C,27,MIL,5,79,11.1,0.489,18.7,10.2,0,0,14.7,23.4,-0.1,0,0,-9.7,-0.2
Gorgui Dieng,"$14,112,360 ",C,28,MIN,75,1281,14.2,0.536,15.4,7.6,1.7,2.5,12.4,16.2,1.3,1.2,2.5,-0.7,0.4
Gordon Hayward,"$29,727,900 ",SF,27,BOS,1,5,7.4,0.5,11,0,0,0,0,17.9,0,0,0,-11.9,0
Goran Dragic,"$17,000,450 ",PG,31,MIA,73,2324,16.8,0.544,7.3,25.4,1.3,0.4,12.1,25.8,3,2.4,5.4,0.1,1.2
Glenn Robinson,"$1,524,305 ",SF,24,IND,19,241,8.9,0.443,6.1,7.2,2.3,0.4,3.1,11.9,0.1,0.2,0.3,-2.7,0
Giannis Antetokounmpo,"$22,471,910 ",PF,23,MIL,73,2698,27.7,0.603,16,23.7,1.9,3.3,11.6,31.3,8.6,3.5,12.1,5.9,5.4
Gian Clavell,"$50,000 ",SG,24,DAL,7,64,7.4,0.53,6.1,6.7,1.6,0,9.6,14.8,0,0,0.1,-3.5,0
Gerald Green,"$947,248 ",SG,32,HOU,37,825,14,0.558,8,4.4,1.4,1.3,5.2,21.7,1,0.9,1.9,-1.8,0.1
Georgios Papagiannis,"$2,301,360 ",C,20,SAC,16,118,10.7,0.415,17.4,11.5,0.9,4.8,16.3,18.6,-0.2,0.1,0,-5.1,-0.1
Georges Niang,"$100,000 ",PF,24,UTA,7,18,15,0.394,15.8,26.7,5.6,0,18.4,27.3,0,0,0,1.5,0
George Hill,"$20,000,000 ",PG,31,TOT,65,1783,13.2,0.581,5.7,14.9,1.6,1.3,13.2,16.4,2.3,0.8,3.1,-0.7,0.6
George Hill,"$20,000,000 ",PG,31,SAC,43,1143,14,0.597,5.8,15.5,1.7,1,14,16.9,1.6,0.5,2.1,-0.7,0.4
George Hill,"$20,000,000 ",PG,31,CLE,22,640,12,0.55,5.3,13.8,1.4,1.9,11.7,15.5,0.7,0.3,1,-0.8,0.2
Gary Payton,"$50,000 ",PG,25,LAL,7,43,7.8,0.357,7.4,12.8,0,3.8,0,13.8,0,0,0,-4.3,0
Gary Payton,"$50,000 ",PG,25,TOT,19,149,7.6,0.414,8.9,12.4,1,1.7,5.8,15.3,0,0.1,0.1,-5.2,-0.1
Gary Payton,"$50,000 ",PG,25,MIL,12,106,7.6,0.437,9.5,12.2,1.4,0.8,8,16,0,0.1,0,-5.5,-0.1
Gary Harris,"$2,550,055 ",SG,23,DEN,65,2265,16.6,0.599,4.3,13.1,2.6,0.6,11,20.6,3.9,1.4,5.4,1,1.7
Garrett Temple,"$8,000,000 ",SG,31,SAC,65,1615,10.2,0.536,5.4,11.2,1.8,1.6,13.4,16.4,0.3,0.8,1.1,-2,0
Furkan Korkmaz,"$1,465,920 ",SG,20,PHI,12,69,6.5,0.446,8.6,6,1.4,1.2,7.2,17.2,0,0.1,0,-5.3,-0.1
Fred VanVleet,"$1,312,611 ",PG,23,TOR,73,1478,16.2,0.562,6.9,22.6,2.2,1,10.7,19.1,2.9,1.9,4.7,2.2,1.6
Frank Ntilikina,"$3,501,120 ",PG,19,NYK,74,1566,6.5,0.429,5.8,19.8,1.9,0.9,20.5,17,-2.1,1,-1.2,-4.4,-0.9
Frank Mason,"$1,184,385 ",PG,23,SAC,51,972,13.1,0.479,7.5,22.8,1.8,1,12.7,22.5,0.1,0.5,0.6,-3.3,-0.3
Frank Kaminsky,"$2,847,600 ",PF,24,CHO,76,1755,14,0.542,8.4,10.8,1,0.9,7.9,20.3,2,1.3,3.2,-1.2,0.4
Evan Turner,"$17,131,148 ",SF,29,POR,75,1910,9.9,0.519,6.6,12.4,1,1.1,13.5,15.7,0.6,1.8,2.4,-2.1,0
Evan Fournier,"$17,000,000 ",SF,25,ORL,57,1837,15.6,0.577,5.4,14.8,1.3,0.7,9.8,23.3,2.5,0.9,3.4,-0.4,0.7
E'Twaun Moore,"$8,445,024 ",SG,28,NOP,78,2468,11.9,0.587,5.1,10,1.5,0.4,10.7,16.2,2.4,1.5,3.9,-0.4,1
Ersan Ilyasova,"$6,000,000 ",PF,30,TOT,65,1627,14.5,0.555,12.6,7.6,1.7,1.2,9.7,18.4,1.9,1.7,3.6,-0.2,0.7
Ersan Ilyasova,"$6,000,000 ",PF,30,ATL,46,1175,15.1,0.569,11.9,6.8,1.8,1.2,8.9,18,1.6,1,2.6,0,0.6
Ersan Ilyasova,"$6,000,000 ",PF,30,PHI,19,452,13.1,0.523,14.3,9.5,1.5,1.1,11.6,19.6,0.3,0.7,1,-0.8,0.1
Erik McCree,$0 ,SF,24,UTA,4,8,-8.9,0,7.1,0,6.3,0,33.3,16.9,-0.1,0,-0.1,-14.8,0
Eric Moreland,"$1,739,333 ",PF,26,DET,63,715,13,0.511,19,13.5,1.7,5.7,25.9,9.3,0.4,1.4,1.9,2.2,0.8
Eric Gordon,"$12,943,020 ",SG,29,HOU,68,2127,15.3,0.58,4.5,11.6,1,1.1,10.8,24.8,3,1.7,4.7,-1,0.6
Eric Bledsoe,"$14,500,000 ",PG,28,MIL,67,2126,19.6,0.58,7.2,25.2,3.2,1.5,16,26.3,2.7,2.3,5,2.1,2.2
Eric Bledsoe,"$14,500,000 ",PG,28,TOT,70,2209,19.3,0.577,7.1,24.9,3.2,1.5,16.1,26.3,2.6,2.3,4.9,1.8,2.1
Eric Bledsoe,"$14,500,000 ",PG,28,PHO,3,83,13,0.509,4.5,17.9,2.3,1.9,17.8,28.7,-0.1,0,0,-5,-0.1
Enes Kanter,"$20,566,802 ",C,25,NYK,71,1830,24,0.63,23.7,9.5,1,1.8,13.3,21.8,5.5,2.1,7.6,2.6,2.1
Emmanuel Mudiay,"$3,381,480 ",PG,21,NYK,21,485,10.6,0.432,6.5,25.4,2,1.3,15.1,23.8,-0.6,0.4,-0.3,-4,-0.2
Emmanuel Mudiay,"$3,381,480 ",PG,21,DEN,42,752,12.3,0.504,7,24,1.4,0.4,16.8,24.7,0,0.3,0.3,-5.1,-0.6
Emmanuel Mudiay,"$3,381,480 ",PG,21,TOT,63,1237,11.6,0.476,6.8,24.6,1.6,0.8,16.2,24.4,-0.7,0.7,0,-4.7,-0.8
Emeka Okafor,"$239,204 ",C,35,NOP,24,341,16.3,0.538,18.7,2.8,1.1,5.8,11.4,14.5,0.5,0.5,1,-1.6,0
Elfrid Payton,"$3,332,340 ",PG,23,TOT,63,1808,16.6,0.538,8.3,34.9,2.2,1,18.5,21.8,1.4,1.4,2.9,0.1,1
Elfrid Payton,"$3,332,340 ",PG,23,ORL,44,1257,18.1,0.564,7.6,35.4,2.5,1,18.3,21.8,1.6,1.1,2.8,1.1,1
Elfrid Payton,"$3,332,340 ",PG,23,PHO,19,551,13.1,0.481,9.7,33.9,1.7,0.9,18.8,22.1,-0.2,0.3,0.1,-2.1,0
Ekpe Udoh,"$3,200,000 ",C,30,UTA,59,783,15.3,0.566,10.4,9.1,2.7,7.8,12.5,9.2,1.3,1.7,3,5.6,1.5
Ed Davis,"$6,352,531 ",C,28,POR,76,1439,15.8,0.61,21.3,4,1.1,2.9,15.8,12.2,2.6,2.4,5,0.1,0.8
Dwyane Wade,"$15,550,000 ",SG,36,CLE,46,1069,15.9,0.519,9.5,23.3,1.9,2.6,15.7,24.3,0.4,0.9,1.3,-1.3,0.2
Dwyane Wade,"$15,550,000 ",SG,36,TOT,64,1476,15.5,0.506,9.3,23.7,1.9,2.6,15.5,26.1,-0.2,1.5,1.4,-1.7,0.1
Dwyane Wade,"$15,550,000 ",SG,36,MIA,18,407,14.4,0.48,8.9,24.8,2,2.7,15,30.9,-0.5,0.6,0.1,-2.8,-0.1
Dwight Powell,"$9,003,125 ",C,26,DAL,76,1587,18.7,0.661,14.8,8.1,2,1.7,10.6,15.4,4.4,2,6.4,2.7,1.9
Dwight Howard,"$23,500,000 ",C,32,CHO,78,2384,20.5,0.578,21.9,7.1,1,4.5,15.2,24.3,2.8,3.7,6.4,-0.3,1
Dwight Buycks,"$748,160 ",PG,28,DET,29,427,12.8,0.498,5.3,22.4,2.2,0.4,15.3,26.4,-0.2,0.4,0.3,-4.2,-0.2
Dwayne Bacon,"$815,615 ",SG,22,CHO,53,713,5.8,0.431,9.4,7.6,1.1,0.2,10.2,13.7,-0.7,0.6,-0.1,-5.8,-0.7
Draymond Green,"$16,400,000 ",PF,27,GSW,66,2171,16.4,0.555,13.2,29.1,2,3.2,21.8,17.1,2.8,3.4,6.2,3.5,3
Dragan Bender,"$4,468,800 ",PF,20,PHO,79,1957,6.6,0.512,8.9,9,0.5,2.1,18.3,12.6,-0.9,0.7,-0.2,-3,-0.5
Doug McDermott,"$3,294,994 ",SF,26,DAL,24,552,11.7,0.613,6.3,7.9,0.8,0.5,10.5,16.5,0.6,0.3,0.9,-2.1,0
Doug McDermott,"$3,294,994 ",SF,26,NYK,55,1172,9.9,0.562,6.3,6,0.4,0.9,8.8,14.3,1.1,0.3,1.4,-2.5,-0.1
Doug McDermott,"$3,294,994 ",SF,26,TOT,79,1724,10.5,0.579,6.3,6.6,0.5,0.8,9.4,15,1.7,0.6,2.3,-2.4,-0.2
Dorian Finney-Smith,"$1,312,611 ",PF,24,DAL,18,344,6.3,0.468,8.9,7,1,1,15.1,14,-0.2,0.2,0,-3.7,-0.1
Donovan Mitchell,"$2,621,280 ",SG,21,UTA,75,2512,16.5,0.541,6.2,19.2,2.2,0.9,12.7,29,1.2,3.5,4.7,0.8,1.8
Domantas Sabonis,"$2,550,000 ",C,21,IND,70,1711,17.3,0.57,18,12.6,1,1.5,15.7,21.7,2.4,2.1,4.5,-0.4,0.7
Dirk Nowitzki,"$5,000,000 ",C,39,DAL,77,1900,16.7,0.575,12.8,10.4,1.1,2.1,6,20.5,2.6,2.2,4.9,0.4,1.2
Dion Waiters,"$11,000,000 ",SG,26,MIA,30,918,10.5,0.487,4.7,19.8,1.3,0.8,13.7,25,-0.7,0.9,0.1,-4,-0.5
Dillon Brooks,"$815,615 ",SF,22,MEM,78,2220,9.1,0.526,6.1,8.4,1.5,0.7,12.8,17.9,-0.3,1.1,0.9,-3.4,-0.8
Deyonta Davis,"$1,312,611 ",C,21,MEM,58,841,16.7,0.624,15.2,7.3,0.8,3.9,10.1,15.4,1.7,0.8,2.5,-0.8,0.3
Dewayne Dedmon,"$6,000,000 ",C,28,ATL,59,1458,15.7,0.599,17.8,9.2,1.3,2.7,14.8,17.1,1.6,1.7,3.3,0.4,0.9
Devin Harris,"$4,402,546 ",PG,34,DAL,44,807,13.5,0.56,5.9,16.4,2.1,0.9,12.8,21.5,0.7,0.8,1.5,-1.3,0.2
Devin Harris,"$4,402,546 ",PG,34,TOT,67,1272,12.8,0.561,5.3,16.7,1.8,0.8,13,20.1,1.4,0.9,2.3,-1.8,0
Devin Harris,"$4,402,546 ",PG,34,DEN,23,465,11.6,0.563,4.4,17.3,1.5,0.7,13.3,17.5,0.7,0.2,0.8,-2.9,-0.1
Devin Booker,"$2,319,360 ",SG,21,PHO,54,1865,18.1,0.561,7,24.5,1.2,0.6,13.9,31.6,1.9,0.5,2.4,0.5,1.2
Derrick Williams,"$104,059 ",PF,26,LAL,2,9,-3.2,0.25,5.9,0,0,0,0,18.9,0,0,0,-18.2,0
Derrick White,"$1,404,600 ",PG,23,SAS,17,139,15.9,0.646,10.4,9.3,1.5,1.8,12.6,15.4,0.3,0.2,0.5,0.5,0.1
Derrick Walton,$0 ,PG,22,MIA,16,147,11.3,0.525,6.1,14.6,2.4,1.7,6.7,9.1,0.2,0.2,0.4,-0.4,0.1
Derrick Rose,"$2,116,955 ",PG,29,MIN,5,58,16,0.481,4,23.3,1.7,0,10.4,29.2,0,0,0,-6.3,-0.1
Derrick Rose,"$2,116,955 ",PG,29,CLE,16,308,11.6,0.523,5.3,13,0.5,1.1,15.7,25.6,-0.1,0,-0.1,-7.6,-0.4
Derrick Rose,"$2,116,955 ",PG,29,TOT,21,366,12.3,0.515,5.1,14.6,0.7,0.9,14.8,26.2,-0.1,0,-0.1,-7.4,-0.5
Derrick Jones,"$1,312,611 ",SF,20,MIA,13,212,9,0.465,9,4,0.7,3.6,9.7,13.1,0.1,0.2,0.3,-2.6,0
Derrick Jones,"$1,312,611 ",SF,20,TOT,19,245,10.3,0.488,8.7,5.1,0.8,4.4,10.1,12.7,0.2,0.3,0.4,-1.7,0
Derrick Jones,"$1,312,611 ",SF,20,PHO,6,33,18.4,0.678,6.5,12.3,1.5,9.8,13.1,9.8,0.1,0,0.1,3.8,0
Derrick Favors,"$12,000,000 ",C,26,UTA,73,2044,18.8,0.594,14.5,8,1.3,3.2,10.3,18.5,4.3,3.2,7.5,2.5,2.4
Denzel Valentine,"$2,186,400 ",SG,24,CHI,77,2095,12.1,0.527,10,17.8,1.5,0.5,11.8,17.5,1,1.6,2.6,-0.5,0.8
Dennis Smith,"$3,218,280 ",PG,20,DAL,67,1978,12.8,0.475,7.1,29,1.7,0.7,15,29.1,-2.3,1.7,-0.7,-2.2,-0.1
Dennis Schroder,"$15,500,000 ",PG,24,ATL,67,2078,17.3,0.515,5.6,36.4,1.7,0.2,12.7,30.4,1.6,1,2.6,-0.7,0.7
Demetrius Jackson,"$92,858 ",PG,23,PHI,3,17,24.6,0.82,3.2,35.5,2.8,0,17,14.8,0.1,0,0.1,1,0
Demetrius Jackson,"$92,858 ",PG,23,TOT,15,80,5.4,0.424,8.4,15.9,3.1,1.1,34.6,15.8,-0.2,0.1,-0.1,-5.4,-0.1
Demetrius Jackson,"$92,858 ",PG,23,HOU,12,63,0.2,0.286,9.9,10.7,3.1,1.3,39.1,16.1,-0.3,0.1,-0.2,-7.2,-0.1
DeMarre Carroll,"$14,800,000 ",SF,31,BRK,73,2180,14.3,0.55,11.7,10.6,1.3,1,10.3,19.8,2.3,1.8,4.1,0.2,1.2
DeMarcus Cousins,"$18,063,850 ",C,27,NOP,48,1737,22.7,0.583,19.3,23.2,2.2,3.5,18.9,31.9,1.5,3.2,4.7,5.6,3.3
DeMar DeRozan,"$27,739,975 ",SG,28,TOR,77,2616,21.3,0.558,6.5,24.8,1.6,0.6,9.5,29.7,6.8,2.6,9.5,2,2.6
Delon Wright,"$1,645,200 ",PG,25,TOR,65,1339,16.8,0.577,7.7,19.8,2.5,2,14.2,17.2,2.4,1.9,4.3,2.9,1.6
Dejounte Murray,"$1,312,611 ",PG,21,SAS,78,1669,14.9,0.484,14.7,20.5,2.8,1.4,16.9,20.7,-0.3,3.3,3,1.1,1.3
DeAndre Liggins,"$1,577,230 ",SG,29,TOT,55,711,6.2,0.485,6.1,8.1,2.6,1.7,16.1,7.8,-0.1,0.7,0.6,-2,0
DeAndre Liggins,"$1,577,230 ",SG,29,MIL,31,480,5,0.424,6,7.3,2.8,1.8,16.2,7.6,-0.3,0.5,0.2,-2.3,0
DeAndre Liggins,"$1,577,230 ",SG,29,NOP,24,231,8.7,0.595,6.1,9.8,2.1,1.4,15.9,8.3,0.1,0.2,0.4,-1.4,0
DeAndre Jordan,"$22,642,350 ",C,29,LAC,73,2321,20.2,0.651,26.5,7.1,0.8,2.5,16.3,15.2,5.8,3.5,9.2,2.3,2.5
DeAndre' Bembry,"$1,567,200 ",SF,23,ATL,23,395,6.2,0.467,9.1,14.1,1.9,2.2,25.8,18,-0.9,0.4,-0.5,-5.5,-0.3
De'Aaron Fox,"$4,609,200 ",PG,20,SAC,70,1928,11.2,0.477,5.5,24.5,1.8,1,16.1,23.2,-1.5,0.9,-0.6,-4.4,-1.2
Davon Reed,"$815,615 ",SG,22,PHO,18,195,5.2,0.386,8.8,6.5,2.5,0.8,9.9,15.3,-0.3,0.1,-0.2,-6.1,-0.2
Davis Bertans,"$1,312,611 ",PF,25,SAS,74,1067,14.2,0.587,7.8,10.4,1.2,2.2,8.4,17.4,1.6,1.5,3.1,1.1,0.8
David West,"$2,328,652 ",C,37,GSW,69,947,21.4,0.609,13.5,20.4,2.3,6,16.4,22,1.7,1.7,3.5,3.4,1.3
David Stockton,"$148,318 ",PG,26,UTA,2,6,31.4,0.931,0,0,0,0,21,35.8,0.1,0,0.1,2.5,0
David Nwaba,"$1,312,611 ",SG,25,CHI,66,1529,12.8,0.561,10.6,9.4,1.8,1.7,13.1,15,1.4,1.4,2.8,-1,0.4
Darrun Hilliard,$0 ,SG,24,SAS,14,95,3.4,0.362,4.1,15.3,1.1,0,15.3,12.3,-0.1,0.1,0,-7.5,-0.1
Darren Collison,"$10,000,000 ",PG,30,IND,65,1929,18.9,0.613,4.9,26.3,2.3,0.7,11.2,17.4,5.6,1.8,7.3,2.2,2
Darrell Arthur,"$7,464,912 ",PF,29,DEN,19,141,8.4,0.559,6,9.3,2.8,1.8,23.7,19.5,-0.2,0.1,0,-4.6,-0.1
Darius Miller,"$2,100,000 ",SF,27,NOP,78,1847,9.4,0.619,4.6,7.7,0.6,0.7,10.1,12.8,2.1,0.8,2.9,-1.1,0.4
Dario Saric,"$2,422,560 ",PF,23,PHI,74,2229,16.1,0.587,12.3,13,1.1,0.7,13.4,20.9,3.7,2.8,6.5,1.6,2
Danuel House,$0 ,SG,24,PHO,20,283,12.8,0.542,10.8,8.5,1,1.1,8.2,16.4,0.3,0.1,0.4,-2.9,-0.1
Dante Exum,"$4,992,385 ",PG,22,UTA,10,148,21.9,0.63,6.5,32.9,2,0.6,15,24.4,0.4,0.2,0.6,1.1,0.1
Dante Cunningham,"$2,300,000 ",SF,30,TOT,70,1499,9.7,0.542,9.9,4.1,1.2,1.4,8.1,11.5,1,1.2,2.2,-1.6,0.2
Dante Cunningham,"$2,300,000 ",SF,30,NOP,51,1115,8.5,0.525,9.4,3,1.2,1.1,6.2,10,0.7,0.9,1.5,-1.8,0.1
Dante Cunningham,"$2,300,000 ",SF,30,BRK,19,384,13.2,0.574,11.3,7.3,1.4,1.9,11.5,15.7,0.3,0.3,0.7,-0.9,0.1
Danny Green,"$10,000,000 ",SG,30,SAS,67,1742,11.5,0.51,7.7,9,1.7,3.8,11,16.5,0.1,2.8,3,1.3,1.5
Danilo Gallinari,"$20,559,599 ",SF,29,LAC,21,671,13.9,0.545,8.3,8.9,0.9,1.2,8.1,20.6,0.8,0.4,1.3,-1.3,0.1
Daniel Theis,"$815,615 ",C,25,BOS,63,936,16.2,0.616,16.1,9.1,1.6,4.3,17.2,15.5,1.6,1.9,3.5,2.7,1.1
Daniel Hamilton,$0 ,SG,22,OKC,5,26,19.6,0.545,10.7,42.6,1.9,0,15.4,21.5,0.1,0,0.1,-0.9,0
D'Angelo Russell,"$5,562,360 ",PG,21,BRK,44,1124,15.5,0.506,8.4,35.6,1.4,1.1,16.2,30.7,-0.4,0.8,0.4,-0.2,0.5
Damyean Dotson,"$1,100,000 ",SG,23,NYK,40,356,8.9,0.489,8.7,9.2,1,0.2,9.7,16.5,0,0.2,0.2,-4.9,-0.3
Damion Lee,"$92,160 ",SG,25,ATL,12,321,12.9,0.496,9.4,11.7,2.6,0.3,7.8,19.2,0.1,0.3,0.4,-1.5,0
Damien Wilkins,"$2,116,955 ",SF,38,IND,19,152,4.9,0.405,6,7.8,0.7,0.6,10.9,13.4,-0.1,0.1,-0.1,-6.4,-0.2
Damian Lillard,"$26,153,057 ",PG,27,POR,70,2558,25.1,0.594,6.8,30.9,1.5,0.9,11.1,30.4,9.5,2.6,12.1,6.8,5.7
Damian Jones,"$1,312,611 ",C,22,GSW,11,54,10.7,0.765,10.4,0,0,2.9,20.3,12,0.1,0,0.1,-6.4,-0.1
Dakari Johnson,"$815,615 ",C,22,OKC,29,159,16.6,0.575,11.8,7.3,1.9,4.6,5.9,13.7,0.4,0.2,0.6,0.5,0.1
D.J. Wilson,"$2,135,040 ",PF,21,MIL,21,69,9.1,0.638,7.7,6.2,1.4,1.2,21.2,12.4,0,0,0.1,-5.2,-0.1
D.J. Augustin,"$7,250,000 ",PG,30,ORL,71,1679,15.4,0.613,5.1,24.1,1.5,0,16.1,18.4,3.2,0.8,4,-0.8,0.5
Cristiano Felicio,"$7,843,500 ",C,25,CHI,51,856,12.3,0.619,12.6,8.6,0.6,1.1,17.5,13.4,1.1,0.5,1.6,-2.5,-0.1
Courtney Lee,"$11,747,890 ",SG,32,NYK,73,2226,12.9,0.56,5.3,11.4,1.8,0.6,9.6,16.9,2.5,1.2,3.7,0,1.1
Cory Joseph,"$7,630,000 ",PG,26,IND,78,2108,11.2,0.505,6.9,15.9,1.8,0.7,11.2,14.6,1.3,1.9,3.3,-1,0.6
Corey Brewer,"$7,579,366 ",SF,31,OKC,15,427,14.7,0.573,6.7,7,3.7,1.3,7,14.4,0.8,0.6,1.4,2.1,0.4
Corey Brewer,"$7,579,366 ",SF,31,TOT,69,1121,11.1,0.535,7,7.7,3.2,1.1,12.8,14.3,0.6,1.5,2.1,-0.8,0.3
Corey Brewer,"$7,579,366 ",SF,31,LAL,54,694,8.9,0.509,7.2,8.1,2.8,0.9,16.3,14.2,-0.2,0.9,0.7,-2.7,-0.1
Cole Aldrich,"$7,300,000 ",C,29,MIN,19,46,5.2,0.34,16.4,5.9,2.2,1.9,5.4,17.9,-0.1,0.1,0,-8,-0.1
Cody Zeller,"$12,584,270 ",C,25,CHO,33,627,16,0.602,15.3,7.4,1.1,2.8,14.6,15.7,1.2,0.7,1.9,0.5,0.4
Clint Capela,"$2,334,520 ",C,23,HOU,71,1955,24.6,0.65,22.3,5.8,1.4,5.8,11.6,19.5,6,3.9,9.9,3,2.5
Chris Paul,"$24,599,495 ",PG,32,HOU,55,1753,24.3,0.601,9.7,40.7,2.6,0.7,12.7,24.3,7,2.6,9.6,7,4
Chris McCullough,"$1,471,382 ",PF,22,WAS,19,90,15.8,0.478,15.7,7.1,0,4.8,4,24.6,0.1,0.1,0.2,-5.7,-0.1
Chris Boucher,$0 ,PF,25,GSW,1,1,-28.5,0,55.9,0,0,0,0,43.9,0,0,0,-59,0
Cheick Diallo,"$1,312,611 ",PF,21,NOP,48,538,17.4,0.619,19.6,4.8,0.9,2.8,11,17.6,1.1,0.7,1.8,-3.1,-0.2
Charles Cooke,$0 ,SG,23,NOP,11,34,-3.4,0.233,3.2,3.6,1.4,0,7.2,17.7,-0.2,0,-0.1,-13.4,-0.1
Channing Frye,"$7,420,912 ",C,34,TOT,50,643,14.2,0.626,11,7.5,1.3,1.8,7.8,14.9,1,0.5,1.6,-1,0.2
Channing Frye,"$7,420,912 ",C,34,CLE,44,545,13.9,0.604,11.3,7.5,1.5,1.9,8.8,15.7,0.7,0.5,1.2,-1.3,0.1
Channing Frye,"$7,420,912 ",C,34,LAL,6,98,15.5,0.792,9.3,7.4,0,1.7,0,10.4,0.3,0.1,0.4,0.6,0.1
Chandler Parsons,"$23,112,004 ",SF,29,MEM,36,691,13.7,0.578,7.5,16.5,1.3,1.5,12.5,18.3,0.7,0.4,1.1,-1.2,0.1
Cedi Osman,"$2,642,857 ",SF,22,CLE,57,584,10.9,0.605,10,6.8,1.6,0.4,14.2,15,0.4,0.4,0.8,-3.1,-0.2
Carmelo Anthony,"$26,243,760 ",PF,33,OKC,75,2413,12.7,0.502,10.1,6.4,0.9,1.8,7.4,23.3,1.1,2.4,3.5,-3.9,-1.2
Caris LeVert,"$1,632,480 ",SF,23,BRK,68,1781,14.2,0.523,7.6,26,2,0.9,15.6,22.6,0.7,1.4,2.1,-0.5,0.7
Cameron Payne,"$2,203,440 ",PG,23,CHI,21,476,14,0.494,6.3,28.9,2.2,1.7,13.3,19.3,0.3,0.4,0.6,-0.8,0.1
Caleb Swanigan,"$1,465,920 ",PF,20,POR,24,165,7.1,0.41,15.2,12.2,1.5,1.5,19,19.6,-0.3,0.2,0,-4.8,-0.1
C.J. Williams,$0 ,SG,27,LAC,34,626,9.6,0.531,4.2,7.1,2.2,1.7,9.7,13.5,0.3,0.5,0.8,-1,0.2
C.J. Miles,"$7,936,509 ",SF,30,TOR,66,1251,13.2,0.55,6.3,5.7,1.4,1.2,5.7,22.1,1.4,1.3,2.8,-0.5,0.5
C.J. McCollum,"$23,962,573 ",SG,26,POR,77,2780,17.4,0.544,5.9,16,1.3,1,8.5,26.4,4,2.7,6.7,0.6,1.9
Buddy Hield,"$3,675,480 ",SG,24,SAC,77,1930,16,0.558,8.7,12.3,2,1,11.2,24.3,1.2,1.3,2.6,-0.5,0.7
Bryn Forbes,"$1,312,611 ",SG,24,SAS,77,1462,9.1,0.523,4.1,8.1,0.9,0.1,6.8,16.7,0.7,1.3,2,-3.1,-0.4
Bruno Caboclo,"$2,451,225 ",SF,22,TOR,2,7,-0.1,0,8,16.7,7,0,0,12.5,0,0,0,-2.5,0
Bruno Caboclo,"$2,451,225 ",SF,22,SAC,9,92,9.2,0.424,11.8,6.1,1.1,4.1,11.5,16.9,-0.1,0.1,0,-4.4,-0.1
Bruno Caboclo,"$2,451,225 ",SF,22,TOT,11,99,8.5,0.398,11.5,6.9,1.5,3.8,10.9,16.6,-0.1,0.1,0,-4.3,-0.1
Brook Lopez,"$22,642,350 ",C,29,LAL,70,1657,16.6,0.558,8.9,11.7,0.9,4.7,10.3,23.5,1.8,1.9,3.7,0.6,1.1
Brice Johnson,"$1,331,160 ",PF,23,LAC,9,38,21.3,0.673,18.8,4,7.7,4.4,25.2,18.1,0,0.1,0.1,3.9,0.1
Brice Johnson,"$1,331,160 ",PF,23,TOT,18,98,18.2,0.486,17.9,3.4,4.5,5.5,10.2,22.3,0,0.2,0.2,-2.7,0
Brice Johnson,"$1,331,160 ",PF,23,MEM,9,60,16.2,0.418,17.4,3.1,2.5,6.3,3,25,-0.1,0.1,0,-6.9,-0.1
Briante Weber,"$83,129 ",PG,25,TOT,18,237,10.1,0.527,8.4,13.1,3.8,1.9,24,11.7,0,0.4,0.4,-0.4,0.1
Briante Weber,"$83,129 ",PG,25,HOU,13,118,11.1,0.547,8.6,15.1,4.2,2.2,22.8,11.5,0.1,0.2,0.3,1.2,0.1
Briante Weber,"$83,129 ",PG,25,MEM,5,119,9.2,0.508,8.3,11.2,3.4,1.6,25.3,12,-0.1,0.1,0.1,-2,0
Brandon Paul,"$815,615 ",SG,26,SAS,61,558,7.2,0.493,6.7,9.2,2.3,1,16.8,13.4,-0.3,0.8,0.5,-2.7,-0.1
Brandon Jennings,"$238,020 ",PG,28,MIL,11,156,14,0.51,7.9,30.3,1.6,2.2,18.2,19.2,0.1,0.1,0.2,-2.9,0
Brandon Ingram,"$5,519,400 ",SF,20,LAL,59,1975,13.9,0.536,8.5,17.6,1.1,1.8,14.4,22.2,1,1.8,2.8,-1.3,0.3
Brandan Wright,"$5,179,760 ",PF,30,MEM,27,366,19.4,0.595,14.7,5.9,1.8,6.4,6.6,14.9,0.8,0.5,1.3,1.1,0.3
Brandan Wright,"$5,179,760 ",PF,30,TOT,28,381,19,0.596,14.4,5.6,1.7,6.4,6.4,14.7,0.8,0.5,1.3,1,0.3
Brandan Wright,"$5,179,760 ",PF,30,HOU,1,15,11.2,0.667,7.5,0,0,5.7,0,8.8,0,0,0,-3.2,0
Bradley Beal,"$23,775,506 ",SG,24,WAS,78,2819,18.7,0.566,6.9,21.2,1.7,1.1,11.6,27.8,4.3,2.4,6.7,1.9,2.7
Bojan Bogdanovic,"$10,500,000 ",SF,28,IND,77,2386,13.8,0.603,6.2,7.1,1.1,0.3,10.2,18.9,3.6,1.6,5.1,-0.8,0.7
Bogdan Bogdanovic,"$9,470,614 ",SG,25,SAC,75,2089,13.8,0.564,5.9,18.3,1.7,0.7,13.1,19.6,2,0.9,2.9,-0.9,0.6
Bobby Portis,"$1,516,320 ",PF,22,CHI,69,1553,20,0.548,16.1,13.6,1.5,1.1,9.9,26,2.2,1.4,3.6,0.7,1.1
Bobby Brown,"$1,524,305 ",PG,33,HOU,20,115,5.4,0.425,3.4,14.9,1.7,0,13.3,26,-0.3,0.1,-0.2,-9.3,-0.2
Boban Marjanovic,"$7,000,000 ",C,29,TOT,35,286,25.1,0.611,21.7,12.5,1.5,3.3,16,28.8,0.8,0.5,1.2,0.1,0.2
Boban Marjanovic,"$7,000,000 ",C,29,LAC,16,115,30.3,0.635,26.7,9.7,2.1,3.6,11.9,25.2,0.5,0.2,0.7,3.2,0.2
Boban Marjanovic,"$7,000,000 ",C,29,DET,19,171,21.6,0.597,18.4,14.4,1.2,3.1,18.2,31.2,0.2,0.3,0.5,-2,0
Blake Griffin,"$29,512,900 ",PF,28,TOT,58,1970,19.6,0.544,11.9,28.1,1,0.8,12.6,28.9,3.2,1.9,5,2.8,2.4
Blake Griffin,"$29,512,900 ",PF,28,LAC,33,1139,20.5,0.553,12.6,25.6,1.3,0.7,12.8,29.3,2,1,3.1,3.1,1.5
Blake Griffin,"$29,512,900 ",PF,28,DET,25,831,18.5,0.531,11,31.6,0.7,1,12.4,28.3,1.1,0.8,2,2.4,0.9
Bismack Biyombo,"$17,000,000 ",C,25,ORL,78,1428,13.9,0.556,17.3,6.4,0.7,5,17.4,14.5,1.1,1.7,2.8,-1.5,0.2
Ben Simmons,"$6,168,840 ",PG,21,PHI,77,2614,19.8,0.555,12.8,37.4,2.4,2.1,19.3,22.2,4,4.7,8.7,4.4,4.2
Ben Moore,$0 ,PF,22,IND,2,9,-2.3,,6.3,13.1,0,0,,0,0,0,0,-5,0
Ben McLemore,"$5,200,000 ",SG,24,MEM,52,968,9.2,0.517,7.4,7.5,1.9,1.4,14,19.5,-0.4,0.7,0.3,-3.9,-0.5
Bam Adebayo,"$2,490,360 ",C,20,MIA,66,1324,15.6,0.564,15.7,11.2,1.2,2.6,13.6,15.9,2.1,1.9,4.1,0.3,0.8
Avery Bradley,"$8,808,989 ",SG,27,LAC,6,165,9,0.492,7.3,9.8,1.5,0.5,12.5,16.7,-0.1,0.1,0,-4.1,-0.1
Avery Bradley,"$8,808,989 ",SG,27,DET,40,1268,9.7,0.497,4.1,10.5,1.8,0.5,13.3,24.3,-1.3,1.2,-0.2,-4.2,-0.7
Avery Bradley,"$8,808,989 ",SG,27,TOT,46,1433,9.7,0.496,4.5,10.4,1.8,0.5,13.3,23.5,-1.4,1.3,-0.1,-4.1,-0.8
Austin Rivers,"$11,825,000 ",SG,25,LAC,58,1965,12.9,0.531,4,17.1,1.8,0.7,10.8,20.7,1.5,1.1,2.6,-0.4,0.8
Arron Afflalo,"$2,328,652 ",SG,32,ORL,51,657,5.5,0.508,5.5,6.2,0.3,1.1,11.3,12.4,-0.1,0.2,0.1,-6,-0.7
Aron Baynes,"$4,328,000 ",C,31,BOS,77,1402,11.7,0.506,15.8,9.4,0.7,2.8,14.6,16.4,0.4,2.4,2.8,-1.8,0.1
Antonius Cleveland,"$92,160 ",SG,23,TOT,14,93,5.4,0.402,7.2,2.9,3.2,4.8,17.7,11,-0.2,0.1,0,-3.7,0
Antonius Cleveland,"$92,160 ",SG,23,DAL,13,81,5.1,0.317,6.9,3.3,3.7,4.4,11.3,10,-0.1,0.1,0,-3,0
Antonius Cleveland,"$92,160 ",SG,23,ATL,1,12,7.3,0.868,9.3,0,0,7.2,41,17.8,0,0,0,-8.6,0
Antonio Blakeney,$0 ,SG,21,CHI,19,314,10.1,0.471,5.6,10.1,1.1,0.3,6.4,23.7,-0.2,0.1,0,-6.8,-0.4
Anthony Tolliver,"$3,290,000 ",PF,32,DET,75,1624,13.5,0.652,7.7,7.5,0.9,1.1,9.8,14.7,3.4,1.5,4.8,1.2,1.3
Anthony Davis,"$23,775,506 ",PF,24,NOP,71,2582,28.9,0.615,16.6,10.8,2,5.5,8.7,29.8,8.5,4.5,13,5.3,4.7
Anthony Brown,$0 ,SF,25,MIN,1,4,41.9,1.5,0,41.7,0,0,0,11.1,0,0,0,2.1,0
Ante Zizic,"$1,645,200 ",C,21,CLE,30,186,23.2,0.737,16,4.4,0.3,6,13.2,18.1,0.7,0.2,0.8,0.4,0.1
Andrew Wiggins,"$7,574,322 ",SF,22,MIN,78,2832,13.2,0.509,6.8,8,1.5,1.5,8.9,23.6,0.5,1.4,1.9,-2.6,-0.4
Andrew White,$0 ,SF,24,ATL,15,209,5.8,0.461,9.1,4.3,0.7,0.4,9.7,17.3,-0.2,0.1,-0.1,-7.2,-0.3
Andrew Harrison,"$1,312,611 ",PG,23,MEM,56,1326,12.7,0.534,5.7,21.4,1.5,1.8,14,19.7,1,0.8,1.8,-2.3,-0.1
Andrew Bogut,"$2,328,652 ",C,33,LAL,23,216,10.9,0.696,19.3,9.1,0.9,4.9,42.3,8.8,0.1,0.3,0.4,0,0.1
Andre Roberson,"$9,259,259 ",SG,26,OKC,39,1037,10.9,0.543,9.9,6,2.2,3.1,14.4,8.6,0.8,1.3,2.1,1.4,0.9
Andre Iguodala,"$14,814,815 ",SF,34,GSW,63,1601,11.3,0.539,8.5,16,1.6,1.9,16,11.5,1.6,1.7,3.3,0.4,1
Andre Drummond,"$23,775,506 ",C,24,DET,76,2541,23,0.556,26.3,14.3,2.2,4.3,16,21.2,4.4,5.6,10.1,5.5,4.8
Amir Johnson,"$11,000,000 ",C,30,PHI,70,1094,14.2,0.563,15.1,13.3,1.9,3.3,16.6,12.7,1.7,1.9,3.6,2.7,1.3
Allen Crabbe,"$19,332,500 ",SG,25,BRK,71,2085,11.1,0.54,7.7,7.9,1,1.1,8.4,18.6,1,1.3,2.2,-1.5,0.3
Alfonzo McKinnie,"$815,615 ",SF,25,TOR,13,49,9.2,0.663,6.9,2.9,1,1.6,17.3,15.5,0,0.1,0.1,-3.3,0
Al-Farouq Aminu,"$7,319,035 ",PF,27,POR,65,1950,12.4,0.529,13.8,5.8,1.9,1.5,10.7,14.9,1.2,3,4.2,1.2,1.6
Alex Poythress,"$778,668 ",PF,24,IND,24,101,8.5,0.52,9.5,2.7,1.5,0.9,7.4,11.9,0.1,0.1,0.2,-3.5,0
Alex Len,"$4,187,599 ",C,24,PHO,66,1324,19.4,0.615,20.1,8.5,1,3.7,14.2,16.6,3,1.2,4.3,0.8,0.9
Alex Caruso,$0 ,PG,23,LAL,33,476,8.1,0.517,5.5,17.7,1.9,1.7,26.2,11.9,-0.1,0.5,0.3,-3.5,-0.2
Alex Abrines,"$5,725,000 ",SG,24,OKC,73,1095,9.1,0.573,5.5,3.4,1.6,0.7,7.7,12.7,1.3,0.9,2.2,-2.3,-0.1
Alec Peters,$0 ,PF,22,PHO,17,175,5.1,0.375,7.9,7.9,0.3,0.9,3.8,12.7,-0.1,0,-0.1,-5.7,-0.2
Alec Burks,"$10,845,506 ",SG,26,UTA,62,1030,13.1,0.526,10.3,9.8,1.8,0.7,11.3,22.4,0.2,1.5,1.7,-3,-0.3
Alan Williams,"$6,000,000 ",PF,25,PHO,5,70,9.3,0.455,16.8,16.4,3.4,1.2,24.2,17.5,-0.1,0.1,0,-3.7,0
Al Jefferson,"$9,769,821 ",C,33,IND,34,462,19.9,0.557,16.4,10.1,1.7,4.4,8.7,22.2,0.7,0.8,1.5,-0.5,0.2
Al Horford,"$27,734,405 ",C,31,BOS,70,2219,17.5,0.577,12.6,23.9,0.9,2.9,14.3,18.4,3.8,3.8,7.6,4.1,3.4
Adreian Payne,$0 ,PF,26,ORL,5,43,18.8,0.831,11.5,0,2.3,0,13.7,15,0.1,0,0.2,-4,0
Abdel Nader,"$1,167,333 ",SF,24,BOS,44,463,5.7,0.464,7.3,7.2,1.4,1.6,17.1,16.9,-0.6,0.7,0,-5,-0.3
Aaron Harrison,"$83,129 ",SG,23,DAL,7,164,6.6,0.411,6.8,8.6,2.1,1.1,3.9,14.4,-0.1,0.2,0.1,-2.9,0
Aaron Gordon,"$5,504,420 ",PF,22,ORL,55,1838,16.6,0.531,13.4,11.7,1.4,1.9,9.7,24.5,1.1,1.9,3,0.1,1
Aaron Brooks,"$2,116,955 ",PG,33,MIN,31,188,10.1,0.508,5.2,15.2,1.6,0,11.9,19.7,0.1,0.1,0.2,-4.1,-0.1
